rate,cv,cv_lwr,cv_upr
speciation,0.16155360672145827,0.0,0.0
extinction,0.28422717146122584,0.0,0.0
