rate,cv,cv_lwr,cv_upr
speciation,0.041320715209579605,0.0,0.0
extinction,0.049945953497058354,0.0,0.0
