rate,cv,cv_lwr,cv_upr
speciation,0.024401957097442244,0.0,0.0
extinction,0.04992036083464737,0.0,0.0
