rate,cv,cv_lwr,cv_upr
speciation,0.018606122355222087,0.0,0.0
extinction,0.019481241520894,0.0,0.0
