rate,cv,cv_lwr,cv_upr
speciation,0.5386470996009965,0.0,0.0
extinction,0.5411862085763243,0.0,0.0
