rate,cv,cv_lwr,cv_upr
speciation,0.032486619944777,0.0,0.0
extinction,0.026951729224587558,0.0,0.0
