rate,cv,cv_lwr,cv_upr
speciation,0.3725119401106959,0.0,0.0
extinction,0.32066532993306746,0.0,0.0
