rate,cv,cv_lwr,cv_upr
speciation,0.3820277955159109,0.0,0.0
extinction,0.4305640078796434,0.0,0.0
