rate,cv,cv_lwr,cv_upr
speciation,0.29514838231598856,0.0,0.0
extinction,0.5512247628831468,0.0,0.0
