rate,cv,cv_lwr,cv_upr
speciation,0.0921925497983158,0.0,0.0
extinction,0.06899576946172832,0.0,0.0
