rate,cv,cv_lwr,cv_upr
speciation,0.308750178192059,0.0,0.0
extinction,0.39886140296756434,0.0,0.0
