rate,cv,cv_lwr,cv_upr
speciation,0.13027731313853338,0.0,0.0
extinction,0.1145134120759701,0.0,0.0
