rate,cv,cv_lwr,cv_upr
speciation,0.1701180424380481,0.0,0.0
extinction,0.36939807489009946,0.0,0.0
