rate,cv,cv_lwr,cv_upr
speciation,0.5539771636859562,0.0,0.0
extinction,0.8296976159110471,0.0,0.0
