rate,cv,cv_lwr,cv_upr
speciation,0.5605980630307247,0.0,0.0
extinction,0.4283671451015617,0.0,0.0
