rate,cv,cv_lwr,cv_upr
speciation,0.5668644673408612,0.0,0.0
extinction,0.6124685239795893,0.0,0.0
