rate,cv,cv_lwr,cv_upr
speciation,0.15778744034601508,0.0,0.0
extinction,0.31082161305047823,0.0,0.0
