rate,cv,cv_lwr,cv_upr
speciation,0.5295548145125,0.0,0.0
extinction,0.46848143283660126,0.0,0.0
