rate,cv,cv_lwr,cv_upr
speciation,0.33660259400365083,0.0,0.0
extinction,0.3089140657357598,0.0,0.0
