rate,cv,cv_lwr,cv_upr
speciation,0.47165778103389816,0.0,0.0
extinction,0.5742885373152926,0.0,0.0
