rate,cv,cv_lwr,cv_upr
speciation,0.13125765701816916,0.0,0.0
extinction,0.10492073976425566,0.0,0.0
