rate,cv,cv_lwr,cv_upr
speciation,0.14919765479278538,0.0,0.0
extinction,0.1829391841363585,0.0,0.0
