rate,cv,cv_lwr,cv_upr
speciation,0.255758734048447,0.0,0.0
extinction,0.3174375058880736,0.0,0.0
