rate,cv,cv_lwr,cv_upr
speciation,0.08427707452655409,0.0,0.0
extinction,0.12297551310457808,0.0,0.0
