rate,cv,cv_lwr,cv_upr
speciation,0.1142022526690116,0.0,0.0
extinction,0.3322423460332822,0.0,0.0
