rate,cv,cv_lwr,cv_upr
speciation,0.513438518125272,0.0,0.0
extinction,0.44628856527449695,0.0,0.0
