rate,cv,cv_lwr,cv_upr
speciation,0.515545066154493,0.0,0.0
extinction,0.595941100141438,0.0,0.0
