rate,cv,cv_lwr,cv_upr
speciation,0.05772481425270804,0.0,0.0
extinction,0.07679848602815158,0.0,0.0
