rate,cv,cv_lwr,cv_upr
speciation,0.3297226465137984,0.0,0.0
extinction,0.41444360003178266,0.0,0.0
