rate,cv,cv_lwr,cv_upr
speciation,0.06813799365147905,0.0,0.0
extinction,0.296045045187149,0.0,0.0
