rate,cv,cv_lwr,cv_upr
speciation,0.4249454556545853,0.0,0.0
extinction,0.6139567561724953,0.0,0.0
