rate,cv,cv_lwr,cv_upr
speciation,0.21253072058424968,0.0,0.0
extinction,0.2821904909826195,0.0,0.0
