rate,cv,cv_lwr,cv_upr
speciation,0.30690162971273993,0.0,0.0
extinction,0.7901571946867915,0.0,0.0
