rate,cv,cv_lwr,cv_upr
speciation,0.09363383161763483,0.0,0.0
extinction,0.40557201138884175,0.0,0.0
