rate,cv,cv_lwr,cv_upr
speciation,0.4683746772772083,0.0,0.0
extinction,0.5978285613482318,0.0,0.0
