rate,cv,cv_lwr,cv_upr
speciation,0.25693479122462665,0.0,0.0
extinction,0.3765821301378323,0.0,0.0
