rate,cv,cv_lwr,cv_upr
speciation,0.3336128047603822,0.0,0.0
extinction,0.4485039035202704,0.0,0.0
