rate,cv,cv_lwr,cv_upr
speciation,0.2669051061873455,0.0,0.0
extinction,0.29047823990588806,0.0,0.0
