rate,cv,cv_lwr,cv_upr
speciation,0.37635208326706304,0.0,0.0
extinction,0.4470790990762443,0.0,0.0
