rate,cv,cv_lwr,cv_upr
speciation,0.42733535465452266,0.0,0.0
extinction,0.3720254625071214,0.0,0.0
