rate,cv,cv_lwr,cv_upr
speciation,0.5259111275282713,0.0,0.0
extinction,0.6559936556967547,0.0,0.0
