rate,cv,cv_lwr,cv_upr
speciation,0.22378975340329893,0.0,0.0
extinction,0.3533814569745563,0.0,0.0
