rate,cv,cv_lwr,cv_upr
speciation,0.15895814645496442,0.0,0.0
extinction,0.255740081002999,0.0,0.0
