rate,cv,cv_lwr,cv_upr
speciation,0.4155546975706478,0.0,0.0
extinction,0.5537650692178263,0.0,0.0
