rate,cv,cv_lwr,cv_upr
speciation,0.42685046188753145,0.0,0.0
extinction,0.42737023104969174,0.0,0.0
