rate,cv,cv_lwr,cv_upr
speciation,0.26877809676979586,0.0,0.0
extinction,0.2770083978173858,0.0,0.0
