rate,cv,cv_lwr,cv_upr
speciation,0.3318470792784795,0.0,0.0
extinction,0.37175655802891483,0.0,0.0
