rate,cv,cv_lwr,cv_upr
speciation,0.25752768712872465,0.0,0.0
extinction,0.3197207072352375,0.0,0.0
