rate,cv,cv_lwr,cv_upr
speciation,0.2898110457736718,0.0,0.0
extinction,0.45988009841775035,0.0,0.0
