rate,cv,cv_lwr,cv_upr
speciation,0.3186692912193619,0.0,0.0
extinction,0.4081747399206861,0.0,0.0
