rate,cv,cv_lwr,cv_upr
speciation,0.21614023894181456,0.0,0.0
extinction,0.35295692837685755,0.0,0.0
