rate,cv,cv_lwr,cv_upr
speciation,0.5119920990930289,0.0,0.0
extinction,0.7210250839707989,0.0,0.0
