rate,cv,cv_lwr,cv_upr
speciation,0.43668453356750914,0.0,0.0
extinction,0.5429497475607693,0.0,0.0
