rate,cv,cv_lwr,cv_upr
speciation,0.263664911433613,0.0,0.0
extinction,0.44582011162447105,0.0,0.0
