rate,cv,cv_lwr,cv_upr
speciation,0.473811202100569,0.0,0.0
extinction,0.6340468861671374,0.0,0.0
