rate,cv,cv_lwr,cv_upr
speciation,0.014910438056195898,0.0,0.0
extinction,0.02133197506782332,0.0,0.0
