rate,cv,cv_lwr,cv_upr
speciation,0.301836620139763,0.0,0.0
extinction,0.4750970550569064,0.0,0.0
