rate,cv,cv_lwr,cv_upr
speciation,0.16781815617936882,0.0,0.0
extinction,0.28281326853804717,0.0,0.0
