rate,cv,cv_lwr,cv_upr
speciation,0.07651758189052206,0.0,0.0
extinction,0.06507700405179226,0.0,0.0
