rate,cv,cv_lwr,cv_upr
speciation,0.2990323681044199,0.0,0.0
extinction,0.4706379831960915,0.0,0.0
