rate,cv,cv_lwr,cv_upr
speciation,0.36641888067062134,0.0,0.0
extinction,0.47058429570431326,0.0,0.0
