rate,cv,cv_lwr,cv_upr
speciation,0.5215159401452991,0.0,0.0
extinction,0.6451530259910342,0.0,0.0
