rate,cv,cv_lwr,cv_upr
speciation,0.45118739206998365,0.0,0.0
extinction,0.47022160826963777,0.0,0.0
