rate,cv,cv_lwr,cv_upr
speciation,0.35849870770554226,0.0,0.0
extinction,0.35489378756458717,0.0,0.0
