rate,cv,cv_lwr,cv_upr
speciation,0.45804054878837563,0.0,0.0
extinction,0.48735301952705895,0.0,0.0
