rate,cv,cv_lwr,cv_upr
speciation,0.3869381867243319,0.0,0.0
extinction,0.5549269211220684,0.0,0.0
