rate,cv,cv_lwr,cv_upr
speciation,0.41100144159450747,0.0,0.0
extinction,0.6304569653214406,0.0,0.0
