rate,cv,cv_lwr,cv_upr
speciation,0.03937605636248171,0.0,0.0
extinction,0.10048327737285619,0.0,0.0
