rate,cv,cv_lwr,cv_upr
speciation,0.016990621436953915,0.0,0.0
extinction,0.015145763213947719,0.0,0.0
