rate,cv,cv_lwr,cv_upr
speciation,0.4207051792496754,0.0,0.0
extinction,0.6533197086623798,0.0,0.0
