rate,cv,cv_lwr,cv_upr
speciation,0.3155759710036853,0.0,0.0
extinction,0.5380032705630691,0.0,0.0
