rate,cv,cv_lwr,cv_upr
speciation,0.08836456103823594,0.0,0.0
extinction,0.06479092383670111,0.0,0.0
