rate,cv,cv_lwr,cv_upr
speciation,0.48136961369574366,0.0,0.0
extinction,0.6887808673990178,0.0,0.0
