rate,cv,cv_lwr,cv_upr
speciation,0.1777282339436843,0.0,0.0
extinction,0.06634044919716435,0.0,0.0
