rate,cv,cv_lwr,cv_upr
speciation,0.025840763868394304,0.0,0.0
extinction,0.019409143255774624,0.0,0.0
