rate,cv,cv_lwr,cv_upr
speciation,0.060604426249535354,0.0,0.0
extinction,0.038973647976234746,0.0,0.0
