rate,cv,cv_lwr,cv_upr
speciation,0.4810705986450856,0.0,0.0
extinction,0.7615023361218513,0.0,0.0
