rate,cv,cv_lwr,cv_upr
speciation,0.05900895944523048,0.0,0.0
extinction,0.040736406661435194,0.0,0.0
