rate,cv,cv_lwr,cv_upr
speciation,0.36483535199551104,0.0,0.0
extinction,0.4956752528974045,0.0,0.0
