rate,cv,cv_lwr,cv_upr
speciation,0.12930937193887979,0.0,0.0
extinction,0.33840733619116803,0.0,0.0
