rate,cv,cv_lwr,cv_upr
speciation,0.5489391539397406,0.0,0.0
extinction,0.3855742819262747,0.0,0.0
