rate,cv,cv_lwr,cv_upr
speciation,0.09526359381698193,0.0,0.0
extinction,0.1849873641834316,0.0,0.0
