rate,cv,cv_lwr,cv_upr
speciation,0.14519202739457232,0.0,0.0
extinction,0.2972936454324406,0.0,0.0
