rate,cv,cv_lwr,cv_upr
speciation,0.22950526247037342,0.0,0.0
extinction,0.19684982168034545,0.0,0.0
