rate,cv,cv_lwr,cv_upr
speciation,0.34501947394681476,0.0,0.0
extinction,0.4615780856521409,0.0,0.0
