rate,cv,cv_lwr,cv_upr
speciation,0.2931729486299563,0.0,0.0
extinction,0.2533126958678193,0.0,0.0
