rate,cv,cv_lwr,cv_upr
speciation,0.4920610442520886,0.0,0.0
extinction,0.6398264979314331,0.0,0.0
