rate,cv,cv_lwr,cv_upr
speciation,0.29270925289208827,0.0,0.0
extinction,0.40684768735843213,0.0,0.0
