rate,cv,cv_lwr,cv_upr
speciation,0.40460089351367223,0.0,0.0
extinction,0.46840072917181086,0.0,0.0
