rate,cv,cv_lwr,cv_upr
speciation,0.4650036428817123,0.0,0.0
extinction,0.5425303832650621,0.0,0.0
