rate,cv,cv_lwr,cv_upr
speciation,0.3976001457672029,0.0,0.0
extinction,0.7118781326828815,0.0,0.0
