rate,cv,cv_lwr,cv_upr
speciation,0.2999959101260043,0.0,0.0
extinction,0.4879223455101078,0.0,0.0
