rate,cv,cv_lwr,cv_upr
speciation,0.34870118365669617,0.0,0.0
extinction,0.5646715095259635,0.0,0.0
