rate,cv,cv_lwr,cv_upr
speciation,0.38855409968064586,0.0,0.0
extinction,0.4251837544787671,0.0,0.0
