rate,cv,cv_lwr,cv_upr
speciation,0.3083154355273017,0.0,0.0
extinction,0.3644453098733618,0.0,0.0
