rate,cv,cv_lwr,cv_upr
speciation,0.4757123276729218,0.0,0.0
extinction,0.6699329163539196,0.0,0.0
