rate,cv,cv_lwr,cv_upr
speciation,0.039185007137351284,0.0,0.0
extinction,0.05485389967447277,0.0,0.0
