rate,cv,cv_lwr,cv_upr
speciation,0.44008875428057176,0.0,0.0
extinction,0.5562140501619902,0.0,0.0
