rate,cv,cv_lwr,cv_upr
speciation,0.04174796480288316,0.0,0.0
extinction,0.040163732588063085,0.0,0.0
