rate,cv,cv_lwr,cv_upr
speciation,0.18819422691850554,0.0,0.0
extinction,0.14413020471226234,0.0,0.0
