rate,cv,cv_lwr,cv_upr
speciation,0.09119652858070187,0.0,0.0
extinction,0.10775537962590594,0.0,0.0
