rate,cv,cv_lwr,cv_upr
speciation,0.04703584352465938,0.0,0.0
extinction,0.026081510123587184,0.0,0.0
