rate,cv,cv_lwr,cv_upr
speciation,0.6207025801307714,0.0,0.0
extinction,0.6351517899431852,0.0,0.0
