rate,cv,cv_lwr,cv_upr
speciation,0.26650719779024196,0.0,0.0
extinction,0.3738609780362162,0.0,0.0
