rate,cv,cv_lwr,cv_upr
speciation,0.32138337186248206,0.0,0.0
extinction,0.4247971869364095,0.0,0.0
