rate,cv,cv_lwr,cv_upr
speciation,0.3634594467090423,0.0,0.0
extinction,0.4569401866277668,0.0,0.0
