rate,cv,cv_lwr,cv_upr
speciation,0.5586693869981355,0.0,0.0
extinction,0.8547382346273709,0.0,0.0
