rate,cv,cv_lwr,cv_upr
speciation,0.22492076461540866,0.0,0.0
extinction,0.22184328072068257,0.0,0.0
