rate,cv,cv_lwr,cv_upr
speciation,0.6140490721310239,0.0,0.0
extinction,0.7597846660581713,0.0,0.0
