rate,cv,cv_lwr,cv_upr
speciation,0.4788501788004158,0.0,0.0
extinction,0.5657130907865559,0.0,0.0
