rate,cv,cv_lwr,cv_upr
speciation,0.44922876759605496,0.0,0.0
extinction,0.597438505548602,0.0,0.0
