rate,cv,cv_lwr,cv_upr
speciation,0.3253245822238814,0.0,0.0
extinction,0.5192961200509479,0.0,0.0
