rate,cv,cv_lwr,cv_upr
speciation,0.02082105886562487,0.0,0.0
extinction,0.036234610002536104,0.0,0.0
