rate,cv_empirical,cv_expected
speciation,0.7884077711385759,0.5447762831586433
extinction,1.1597802368311185,0.9054732504059622
