rate,cv_empirical,cv_expected
speciation,0.7827759319183049,0.2690490230045028
extinction,1.1515082879195366,0.3131981560648977
