rate,cv_empirical,cv_expected
speciation,0.830585462799378,0.14568784781889113
extinction,1.1740158279697772,0.22306752463359963
