rate,cv_empirical,cv_expected
speciation,0.6865954662714823,0.1654106368237088
extinction,1.2560057061168974,0.22878943312914848
