rate,cv_empirical,cv_expected
speciation,0.7264095895710537,0.18872378880602997
extinction,1.1445497469262584,0.2883872852401955
