rate,cv_empirical,cv_expected
speciation,0.75309808370629,0.2197464249353759
extinction,1.1811557456327773,0.3604713719969741
