rate,cv_empirical,cv_expected
speciation,0.8071718393546711,0.1913386383235402
extinction,1.1988301975793605,0.2914626145810703
