rate,cv_empirical,cv_expected
speciation,0.8379195309917482,0.17267475114986344
extinction,1.1996259954227437,0.19020301310406706
