rate,cv_empirical,cv_expected
speciation,0.8425109900427857,0.20781441737460812
extinction,1.191247659182125,0.21691432123376897
