rate,cv_empirical,cv_expected
speciation,0.8969627588596398,0.17970964828321226
extinction,1.180973497685211,0.3051057953403689
