rate,cv_empirical,cv_expected
speciation,0.782837642541698,0.20376131004072007
extinction,1.1499653411550044,0.23862522359659197
