rate,cv,cv_lwr,cv_upr
speciation,0.5036593973991726,0.0,0.0
extinction,0.538245397489079,0.0,0.0
