rate,cv,cv_lwr,cv_upr
speciation,0.07192830203073837,0.0,0.0
extinction,0.06854210908982403,0.0,0.0
