rate,cv,cv_lwr,cv_upr
speciation,0.5964020942658492,0.0,0.0
extinction,0.8285052011632242,0.0,0.0
