rate,cv,cv_lwr,cv_upr
speciation,0.25029383436690267,0.0,0.0
extinction,0.3113378898585075,0.0,0.0
