rate,cv,cv_lwr,cv_upr
speciation,0.3688516404128454,0.0,0.0
extinction,0.3462533962202147,0.0,0.0
