rate,cv,cv_lwr,cv_upr
speciation,0.021637138452121736,0.0,0.0
extinction,0.04342829489504692,0.0,0.0
