rate,cv,cv_lwr,cv_upr
speciation,0.5233374088922206,0.0,0.0
extinction,0.660753884289354,0.0,0.0
