rate,cv,cv_lwr,cv_upr
speciation,0.455370154650336,0.0,0.0
extinction,0.5669983507721245,0.0,0.0
