rate,cv,cv_lwr,cv_upr
speciation,0.386371790034853,0.0,0.0
extinction,0.6782147316728532,0.0,0.0
