rate,cv,cv_lwr,cv_upr
speciation,0.3024796854687411,0.0,0.0
extinction,0.4585749354800624,0.0,0.0
