rate,cv,cv_lwr,cv_upr
speciation,0.18781040758858467,0.0,0.0
extinction,0.12704209368143587,0.0,0.0
