rate,cv,cv_lwr,cv_upr
speciation,0.37772198214481306,0.0,0.0
extinction,0.5921373234282937,0.0,0.0
