rate,cv,cv_lwr,cv_upr
speciation,0.06549025083762473,0.0,0.0
extinction,0.05446794798117548,0.0,0.0
