rate,cv,cv_lwr,cv_upr
speciation,0.15422881208849717,0.0,0.0
extinction,0.07921666858404325,0.0,0.0
