rate,cv,cv_lwr,cv_upr
speciation,0.03333289101053978,0.0,0.0
extinction,0.03185737817321172,0.0,0.0
