rate,cv,cv_lwr,cv_upr
speciation,0.5913899455906781,0.0,0.0
extinction,0.6612839263336573,0.0,0.0
