rate,cv,cv_lwr,cv_upr
speciation,0.3868953584495145,0.0,0.0
extinction,0.5190875260124944,0.0,0.0
