rate,cv,cv_lwr,cv_upr
speciation,0.38871143811226844,0.0,0.0
extinction,0.4605102186374394,0.0,0.0
