rate,cv,cv_lwr,cv_upr
speciation,0.46022087614773644,0.0,0.0
extinction,0.6528770251300449,0.0,0.0
