rate,cv,cv_lwr,cv_upr
speciation,0.032238489119283696,0.0,0.0
extinction,0.01587872033530213,0.0,0.0
