rate,cv,cv_lwr,cv_upr
speciation,0.2928070773612238,0.0,0.0
extinction,0.4562914693530175,0.0,0.0
