rate,cv,cv_lwr,cv_upr
speciation,0.39826406997043345,0.0,0.0
extinction,0.5322335325842038,0.0,0.0
