rate,cv,cv_lwr,cv_upr
speciation,0.36409226190966854,0.0,0.0
extinction,0.5202337113258418,0.0,0.0
