rate,cv,cv_lwr,cv_upr
speciation,0.07602156187127243,0.0,0.0
extinction,0.07340111299089544,0.0,0.0
