rate,cv,cv_lwr,cv_upr
speciation,0.057526654753404856,0.0,0.0
extinction,0.06610642738300765,0.0,0.0
