rate,cv,cv_lwr,cv_upr
speciation,0.15671616628068938,0.0,0.0
extinction,0.0745024514074622,0.0,0.0
