rate,cv,cv_lwr,cv_upr
speciation,0.4684508611895233,0.0,0.0
extinction,0.5251649668248402,0.0,0.0
