rate,cv,cv_lwr,cv_upr
speciation,0.3387010359598574,0.0,0.0
extinction,0.2649700461249277,0.0,0.0
