rate,cv,cv_lwr,cv_upr
speciation,0.33134056037521487,0.0,0.0
extinction,0.3542411537401274,0.0,0.0
