rate,cv,cv_lwr,cv_upr
speciation,0.511819038772154,0.0,0.0
extinction,0.6035160703105947,0.0,0.0
