rate,cv,cv_lwr,cv_upr
speciation,0.2856000835239595,0.0,0.0
extinction,0.5877008953878274,0.0,0.0
