rate,cv,cv_lwr,cv_upr
speciation,0.3970733300474202,0.0,0.0
extinction,0.5875111591697049,0.0,0.0
