rate,cv,cv_lwr,cv_upr
speciation,0.4354549939963938,0.0,0.0
extinction,0.5913452792184848,0.0,0.0
