rate,cv,cv_lwr,cv_upr
speciation,0.2555023044819636,0.0,0.0
extinction,0.31701635163985536,0.0,0.0
