rate,cv,cv_lwr,cv_upr
speciation,0.4609774503738334,0.0,0.0
extinction,0.7302877963641765,0.0,0.0
