rate,cv,cv_lwr,cv_upr
speciation,0.42687231166036654,0.0,0.0
extinction,0.5551463280696805,0.0,0.0
