rate,cv,cv_lwr,cv_upr
speciation,0.1018759412044762,0.0,0.0
extinction,0.1719128099929939,0.0,0.0
