rate,cv,cv_lwr,cv_upr
speciation,0.019207978067480088,0.0,0.0
extinction,0.01754107354524976,0.0,0.0
