rate,cv,cv_lwr,cv_upr
speciation,0.29875065723329314,0.0,0.0
extinction,0.48241447981442476,0.0,0.0
