rate,cv,cv_lwr,cv_upr
speciation,0.39245218763031015,0.0,0.0
extinction,0.4522106270427782,0.0,0.0
