rate,cv,cv_lwr,cv_upr
speciation,0.473656619955331,0.0,0.0
extinction,0.5414141299355041,0.0,0.0
