rate,cv,cv_lwr,cv_upr
speciation,0.11798448456719937,0.0,0.0
extinction,0.11004863012995064,0.0,0.0
