rate,cv,cv_lwr,cv_upr
speciation,0.2383256045050156,0.0,0.0
extinction,0.530455230575086,0.0,0.0
