rate,cv,cv_lwr,cv_upr
speciation,0.5992715016051797,0.0,0.0
extinction,0.7539381116670795,0.0,0.0
