rate,cv,cv_lwr,cv_upr
speciation,0.4719267818614134,0.0,0.0
extinction,0.5649568788620479,0.0,0.0
