rate,cv,cv_lwr,cv_upr
speciation,0.38942273081163786,0.0,0.0
extinction,0.4305497070427871,0.0,0.0
