rate,cv,cv_lwr,cv_upr
speciation,1.0050739735840712,0.726249463230656,1.3033004339232601
extinction,1.3663786442438963,1.1815149356412185,1.5241531528298093
