rate,cv,cv_lwr,cv_upr
speciation,0.1554727348024394,0.0,0.0
extinction,0.12452185208381279,0.0,0.0
