rate,cv,cv_lwr,cv_upr
speciation,0.2150164169153839,0.0,0.0
extinction,0.4830164967571576,0.0,0.0
