rate,cv,cv_lwr,cv_upr
speciation,0.29334807776377547,0.0,0.0
extinction,0.5558179988625053,0.0,0.0
