rate,cv,cv_lwr,cv_upr
speciation,0.28534050871367034,0.0,0.0
extinction,0.2174733991444441,0.0,0.0
