rate,cv,cv_lwr,cv_upr
speciation,0.21256426065835451,0.0,0.0
extinction,0.20855943661661328,0.0,0.0
