rate,cv,cv_lwr,cv_upr
speciation,0.02903986075714651,0.0,0.0
extinction,0.05065102342256043,0.0,0.0
