rate,cv,cv_lwr,cv_upr
speciation,0.5952975416774408,0.0,0.0
extinction,0.7968154930399928,0.0,0.0
