rate,cv,cv_lwr,cv_upr
speciation,0.4320021059309202,0.0,0.0
extinction,0.5432541785684276,0.0,0.0
