rate,cv,cv_lwr,cv_upr
speciation,0.2676894030997672,0.0,0.0
extinction,0.45222065889768387,0.0,0.0
