rate,cv,cv_lwr,cv_upr
speciation,0.4649035918748306,0.0,0.0
extinction,0.6422061061329352,0.0,0.0
