rate,cv,cv_lwr,cv_upr
speciation,0.12601323098932382,0.0,0.0
extinction,0.23386592110668522,0.0,0.0
