rate,cv,cv_lwr,cv_upr
speciation,0.03239867694134225,0.0,0.0
extinction,0.039333504909065106,0.0,0.0
