rate,cv,cv_lwr,cv_upr
speciation,0.3633424893511247,0.0,0.0
extinction,0.39299122510613965,0.0,0.0
