rate,cv,cv_lwr,cv_upr
speciation,0.29289255953665566,0.0,0.0
extinction,0.4536948645098236,0.0,0.0
