rate,cv,cv_lwr,cv_upr
speciation,0.2101261908237087,0.0,0.0
extinction,0.4725073675952346,0.0,0.0
