rate,cv,cv_lwr,cv_upr
speciation,0.5044797766861507,0.0,0.0
extinction,0.6528598386917163,0.0,0.0
