rate,cv,cv_lwr,cv_upr
speciation,0.3393247398197179,0.0,0.0
extinction,0.4826326837759624,0.0,0.0
