rate,cv,cv_lwr,cv_upr
speciation,0.09663905306940257,0.0,0.0
extinction,0.05334709531152759,0.0,0.0
