rate,cv,cv_lwr,cv_upr
speciation,0.37871669938930563,0.0,0.0
extinction,0.5024341983656162,0.0,0.0
