rate,cv,cv_lwr,cv_upr
speciation,0.4390965441830909,0.0,0.0
extinction,0.7889668432785706,0.0,0.0
