rate,cv,cv_lwr,cv_upr
speciation,0.2679377264928293,0.0,0.0
extinction,0.39234307277891056,0.0,0.0
