rate,cv,cv_lwr,cv_upr
speciation,0.46348780382130317,0.0,0.0
extinction,0.7384296054693712,0.0,0.0
