rate,cv,cv_lwr,cv_upr
speciation,0.4108583831654198,0.0,0.0
extinction,0.512348070437129,0.0,0.0
