rate,cv,cv_lwr,cv_upr
speciation,0.2019155432674693,0.0,0.0
extinction,0.48965346847208935,0.0,0.0
