rate,cv,cv_lwr,cv_upr
speciation,0.4097471472163899,0.0,0.0
extinction,0.6183892094219708,0.0,0.0
