rate,cv,cv_lwr,cv_upr
speciation,0.25546025731518673,0.0,0.0
extinction,0.24055714058643168,0.0,0.0
