rate,cv,cv_lwr,cv_upr
speciation,0.45940204443427834,0.0,0.0
extinction,0.5050263581054405,0.0,0.0
