rate,cv,cv_lwr,cv_upr
speciation,0.4926640027997163,0.0,0.0
extinction,0.6581741427983209,0.0,0.0
