rate,cv,cv_lwr,cv_upr
speciation,0.2955355248060387,0.0,0.0
extinction,0.38488174562702404,0.0,0.0
