rate,cv,cv_lwr,cv_upr
speciation,0.2738614449537642,0.0,0.0
extinction,0.4367396480499063,0.0,0.0
