rate,cv,cv_lwr,cv_upr
speciation,0.4045900798143132,0.0,0.0
extinction,0.4861523089820531,0.0,0.0
