rate,cv,cv_lwr,cv_upr
speciation,0.3798837735851734,0.0,0.0
extinction,0.4285253582383713,0.0,0.0
