rate,cv,cv_lwr,cv_upr
speciation,0.2675342267313754,0.0,0.0
extinction,0.4816084857169233,0.0,0.0
