rate,cv,cv_lwr,cv_upr
speciation,0.40321270010247084,0.0,0.0
extinction,0.5945040282052196,0.0,0.0
