rate,cv,cv_lwr,cv_upr
speciation,0.3743023680649154,0.0,0.0
extinction,0.38955657892700013,0.0,0.0
