rate,cv,cv_lwr,cv_upr
speciation,0.25175856467808816,0.0,0.0
extinction,0.3159501365915898,0.0,0.0
