rate,cv,cv_lwr,cv_upr
speciation,0.33687998195504476,0.0,0.0
extinction,0.5249934505403195,0.0,0.0
