rate,cv,cv_lwr,cv_upr
speciation,0.08088795537912925,0.0,0.0
extinction,0.05117704401921914,0.0,0.0
