rate,cv,cv_lwr,cv_upr
speciation,0.05721950977296117,0.0,0.0
extinction,0.12971381500735576,0.0,0.0
