rate,cv,cv_lwr,cv_upr
speciation,0.23850563787492865,0.0,0.0
extinction,0.33692547351256347,0.0,0.0
