rate,cv,cv_lwr,cv_upr
speciation,0.009889629792515765,0.0,0.0
extinction,0.04293522930737406,0.0,0.0
