rate,cv,cv_lwr,cv_upr
speciation,0.5135778688316613,0.0,0.0
extinction,0.5813154095134249,0.0,0.0
