rate,cv,cv_lwr,cv_upr
speciation,0.26219692914718273,0.0,0.0
extinction,0.2729303253124009,0.0,0.0
