rate,cv,cv_lwr,cv_upr
speciation,0.39779267318461986,0.0,0.0
extinction,0.4495335539095485,0.0,0.0
