rate,cv,cv_lwr,cv_upr
speciation,0.24292152259382296,0.0,0.0
extinction,0.4315818690414108,0.0,0.0
