rate,cv,cv_lwr,cv_upr
speciation,0.3526856964513078,0.0,0.0
extinction,0.45489986519079034,0.0,0.0
