rate,cv,cv_lwr,cv_upr
speciation,0.311000937465055,0.0,0.0
extinction,0.4641704649160059,0.0,0.0
