rate,cv,cv_lwr,cv_upr
speciation,0.011368605560372058,0.0,0.0
extinction,0.023969077865650584,0.0,0.0
