rate,cv,cv_lwr,cv_upr
speciation,0.5293775153345455,0.0,0.0
extinction,0.6322898011470874,0.0,0.0
