rate,cv,cv_lwr,cv_upr
speciation,0.32938180915944953,0.0,0.0
extinction,0.49337866112208434,0.0,0.0
