rate,cv,cv_lwr,cv_upr
speciation,0.4593447340962415,0.0,0.0
extinction,0.4695992184726176,0.0,0.0
