rate,cv,cv_lwr,cv_upr
speciation,0.29251187040459026,0.0,0.0
extinction,0.6225997613740848,0.0,0.0
