rate,cv,cv_lwr,cv_upr
speciation,0.6517827534485293,0.0,0.0
extinction,0.8639178636187362,0.0,0.0
