rate,cv,cv_lwr,cv_upr
speciation,0.2207967294340418,0.0,0.0
extinction,0.24664458835330358,0.0,0.0
