rate,cv,cv_lwr,cv_upr
speciation,0.30649645325837044,0.0,0.0
extinction,0.5202324816884315,0.0,0.0
