rate,cv,cv_lwr,cv_upr
speciation,0.4696779658229605,0.0,0.0
extinction,0.49914297216006775,0.0,0.0
