rate,cv,cv_lwr,cv_upr
speciation,0.561776006563494,0.0,0.0
extinction,0.729532016269127,0.0,0.0
