rate,cv,cv_lwr,cv_upr
speciation,0.15375071879401642,0.0,0.0
extinction,0.11631029374777864,0.0,0.0
