rate,cv,cv_lwr,cv_upr
speciation,0.20509586807170285,0.0,0.0
extinction,0.4388050700799764,0.0,0.0
