rate,cv,cv_lwr,cv_upr
speciation,0.38653472171623154,0.0,0.0
extinction,0.45143625355515826,0.0,0.0
