rate,cv,cv_lwr,cv_upr
speciation,0.4999109394949178,0.0,0.0
extinction,0.49114496104329075,0.0,0.0
