rate,cv,cv_lwr,cv_upr
speciation,0.33568751554162807,0.0,0.0
extinction,0.4059959175357404,0.0,0.0
