rate,cv,cv_lwr,cv_upr
speciation,0.322264134261393,0.0,0.0
extinction,0.43083237858383405,0.0,0.0
