rate,cv,cv_lwr,cv_upr
speciation,0.3615917112808246,0.0,0.0
extinction,0.431137628823454,0.0,0.0
