rate,cv,cv_lwr,cv_upr
speciation,0.2949273088778215,0.0,0.0
extinction,0.3445450238997916,0.0,0.0
