rate,cv,cv_lwr,cv_upr
speciation,0.046956277139900617,0.0,0.0
extinction,0.05195027315008732,0.0,0.0
