rate,cv,cv_lwr,cv_upr
speciation,0.2830873228369445,0.0,0.0
extinction,0.2290740873400755,0.0,0.0
