rate,cv,cv_lwr,cv_upr
speciation,0.411372609015859,0.0,0.0
extinction,0.26602736694377105,0.0,0.0
