rate,cv,cv_lwr,cv_upr
speciation,0.15655872812521265,0.0,0.0
extinction,0.3579329587736082,0.0,0.0
