rate,cv,cv_lwr,cv_upr
speciation,0.4193626789891636,0.0,0.0
extinction,0.6215992783735818,0.0,0.0
