rate,cv,cv_lwr,cv_upr
speciation,0.28908060542840347,0.0,0.0
extinction,0.47484797927110545,0.0,0.0
