rate,cv,cv_lwr,cv_upr
speciation,0.32246523169018243,0.0,0.0
extinction,0.5557475706404102,0.0,0.0
