rate,cv,cv_lwr,cv_upr
speciation,0.09616452694068726,0.0,0.0
extinction,0.08607582052170602,0.0,0.0
