rate,cv,cv_lwr,cv_upr
speciation,0.08792753210085043,0.0,0.0
extinction,0.20902074934429277,0.0,0.0
