rate,cv,cv_lwr,cv_upr
speciation,0.49885349083773756,0.0,0.0
extinction,0.5083298040135992,0.0,0.0
