rate,cv,cv_lwr,cv_upr
speciation,0.019026514099651677,0.0,0.0
extinction,0.012582465916580032,0.0,0.0
