rate,cv,cv_lwr,cv_upr
speciation,0.36458637555620454,0.0,0.0
extinction,0.507827096679174,0.0,0.0
