rate,cv,cv_lwr,cv_upr
speciation,0.4120113957049021,0.0,0.0
extinction,0.5434876303382052,0.0,0.0
