rate,cv,cv_lwr,cv_upr
speciation,0.22756235053768378,0.0,0.0
extinction,0.39431870010303516,0.0,0.0
