rate,cv,cv_lwr,cv_upr
speciation,0.2044640097932493,0.0,0.0
extinction,0.27558375377348376,0.0,0.0
