rate,cv,cv_lwr,cv_upr
speciation,0.23216774798336812,0.0,0.0
extinction,0.23418197259445517,0.0,0.0
