rate,cv,cv_lwr,cv_upr
speciation,0.45653125362502506,0.0,0.0
extinction,0.5559562212015211,0.0,0.0
