rate,cv,cv_lwr,cv_upr
speciation,0.39976434084769474,0.0,0.0
extinction,0.5644151219157864,0.0,0.0
