rate,cv,cv_lwr,cv_upr
speciation,0.29532133655329446,0.0,0.0
extinction,0.3484582257601896,0.0,0.0
