rate,cv,cv_lwr,cv_upr
speciation,0.06215553435300409,0.0,0.0
extinction,0.11773862551362589,0.0,0.0
