rate,cv,cv_lwr,cv_upr
speciation,0.3065222399310683,0.0,0.0
extinction,0.5089092974615919,0.0,0.0
