rate,cv,cv_lwr,cv_upr
speciation,0.5945380883584233,0.0,0.0
extinction,0.6204972919584955,0.0,0.0
