rate,cv,cv_lwr,cv_upr
speciation,0.2014754598435539,0.0,0.0
extinction,0.204616763161453,0.0,0.0
