rate,cv,cv_lwr,cv_upr
speciation,0.41596636829302885,0.0,0.0
extinction,0.5176758824218489,0.0,0.0
