rate,cv,cv_lwr,cv_upr
speciation,0.09342148368856557,0.0,0.0
extinction,0.12280374857628831,0.0,0.0
