rate,cv,cv_lwr,cv_upr
speciation,0.21397994035946263,0.0,0.0
extinction,0.2128462950874631,0.0,0.0
