rate,cv,cv_lwr,cv_upr
speciation,0.045796144071458954,0.0,0.0
extinction,0.04050046455925911,0.0,0.0
