rate,cv,cv_lwr,cv_upr
speciation,0.25750227864124264,0.0,0.0
extinction,0.18972678197759585,0.0,0.0
