rate,cv,cv_lwr,cv_upr
speciation,0.49093278973765503,0.0,0.0
extinction,0.3799547993961162,0.0,0.0
