rate,cv,cv_lwr,cv_upr
speciation,0.5169253490173702,0.0,0.0
extinction,0.7227764797848758,0.0,0.0
