rate,cv,cv_lwr,cv_upr
speciation,0.3826995840784973,0.0,0.0
extinction,0.567742515126113,0.0,0.0
