rate,cv,cv_lwr,cv_upr
speciation,0.238140215147923,0.0,0.0
extinction,0.4040700945621981,0.0,0.0
