rate,cv,cv_lwr,cv_upr
speciation,0.2822510536122311,0.0,0.0
extinction,0.3400732390067285,0.0,0.0
