rate,cv,cv_lwr,cv_upr
speciation,0.3780861973098648,0.0,0.0
extinction,0.6614794754378394,0.0,0.0
