rate,cv,cv_lwr,cv_upr
speciation,0.05287750551307501,0.0,0.0
extinction,0.05742262659483298,0.0,0.0
