rate,cv,cv_lwr,cv_upr
speciation,0.3418018102807495,0.0,0.0
extinction,0.3921556702312271,0.0,0.0
