rate,cv,cv_lwr,cv_upr
speciation,0.4596015690113127,0.0,0.0
extinction,0.8587072386768957,0.0,0.0
