rate,cv,cv_lwr,cv_upr
speciation,0.11893347780286358,0.0,0.0
extinction,0.10537133424730581,0.0,0.0
