rate,cv,cv_lwr,cv_upr
speciation,0.396738501056387,0.0,0.0
extinction,0.5632701906324388,0.0,0.0
