rate,cv,cv_lwr,cv_upr
speciation,0.12322609546793495,0.0,0.0
extinction,0.10071199761732928,0.0,0.0
