rate,cv,cv_lwr,cv_upr
speciation,0.02499630321886446,0.0,0.0
extinction,0.027405543267117305,0.0,0.0
