rate,cv,cv_lwr,cv_upr
speciation,0.27975819191661844,0.0,0.0
extinction,0.5486333622759041,0.0,0.0
