rate,cv,cv_lwr,cv_upr
speciation,0.5444240921405586,0.0,0.0
extinction,0.5643526111809936,0.0,0.0
