rate,cv,cv_lwr,cv_upr
speciation,0.480458008084817,0.0,0.0
extinction,0.5753527947813967,0.0,0.0
