rate,cv,cv_lwr,cv_upr
speciation,0.298909629528487,0.0,0.0
extinction,0.4199047219480696,0.0,0.0
