rate,cv,cv_lwr,cv_upr
speciation,0.4253750956292672,0.0,0.0
extinction,0.5661833363908058,0.0,0.0
