rate,cv,cv_lwr,cv_upr
speciation,0.0460311882607887,0.0,0.0
extinction,0.031048256179628832,0.0,0.0
