rate,cv,cv_lwr,cv_upr
speciation,0.4364929232025898,0.0,0.0
extinction,0.6869725372340901,0.0,0.0
