rate,cv,cv_lwr,cv_upr
speciation,0.3682338390013824,0.0,0.0
extinction,0.4209152462276183,0.0,0.0
