rate,cv,cv_lwr,cv_upr
speciation,0.12035197667159037,0.0,0.0
extinction,0.2570652590192115,0.0,0.0
