rate,cv,cv_lwr,cv_upr
speciation,0.22936030784977549,0.0,0.0
extinction,0.3207368481798626,0.0,0.0
