rate,cv,cv_lwr,cv_upr
speciation,0.49739759934566136,0.0,0.0
extinction,0.3936389431049853,0.0,0.0
