rate,cv,cv_lwr,cv_upr
speciation,0.387416843936161,0.0,0.0
extinction,0.5340254427429346,0.0,0.0
