rate,cv,cv_lwr,cv_upr
speciation,0.0740405565590306,0.0,0.0
extinction,0.04673880289042244,0.0,0.0
