rate,cv,cv_lwr,cv_upr
speciation,0.05931557739419689,0.0,0.0
extinction,0.05365207136645099,0.0,0.0
