rate,cv,cv_lwr,cv_upr
speciation,0.26130335595588033,0.0,0.0
extinction,0.5310903008126663,0.0,0.0
