rate,cv,cv_lwr,cv_upr
speciation,0.47947816803657534,0.0,0.0
extinction,0.5637049849690948,0.0,0.0
