rate,cv,cv_lwr,cv_upr
speciation,0.3759309229985498,0.0,0.0
extinction,0.6935128230912913,0.0,0.0
