rate,cv,cv_lwr,cv_upr
speciation,0.28242339494179214,0.0,0.0
extinction,0.32396807076825734,0.0,0.0
