rate,cv,cv_lwr,cv_upr
speciation,0.44530345733313065,0.0,0.0
extinction,0.5722592580016085,0.0,0.0
