rate,cv,cv_lwr,cv_upr
speciation,0.3510294608517281,0.0,0.0
extinction,0.42190641981531624,0.0,0.0
