rate,cv,cv_lwr,cv_upr
speciation,0.07136205595808422,0.0,0.0
extinction,0.03179142877079153,0.0,0.0
