rate,cv,cv_lwr,cv_upr
speciation,0.16796763604430656,0.0,0.0
extinction,0.36420250751571154,0.0,0.0
