rate,cv,cv_lwr,cv_upr
speciation,0.3254911229413461,0.0,0.0
extinction,0.32178666631583835,0.0,0.0
