rate,cv,cv_lwr,cv_upr
speciation,0.4207522286946545,0.0,0.0
extinction,0.546561459251134,0.0,0.0
