rate,cv,cv_lwr,cv_upr
speciation,0.1644323470085408,0.0,0.0
extinction,0.3159912319142159,0.0,0.0
