rate,cv,cv_lwr,cv_upr
speciation,0.4566477101182346,0.0,0.0
extinction,0.5525649439379202,0.0,0.0
