rate,cv,cv_lwr,cv_upr
speciation,0.25273168680238695,0.0,0.0
extinction,0.3302608065360901,0.0,0.0
