rate,cv,cv_lwr,cv_upr
speciation,0.31108159192488705,0.0,0.0
extinction,0.6070058642183225,0.0,0.0
