rate,cv,cv_lwr,cv_upr
speciation,0.2862517212455357,0.0,0.0
extinction,0.27021938579144245,0.0,0.0
