rate,cv,cv_lwr,cv_upr
speciation,0.304921713112495,0.0,0.0
extinction,0.47750211228717854,0.0,0.0
