rate,cv,cv_lwr,cv_upr
speciation,0.44310846321732705,0.0,0.0
extinction,0.5109145118627962,0.0,0.0
