rate,cv,cv_lwr,cv_upr
speciation,0.2490269271382803,0.0,0.0
extinction,0.372875494900605,0.0,0.0
