rate,cv,cv_lwr,cv_upr
speciation,0.05351658131066442,0.0,0.0
extinction,0.061813912240491306,0.0,0.0
