rate,cv,cv_lwr,cv_upr
speciation,0.4155051816632882,0.0,0.0
extinction,0.400350412684086,0.0,0.0
