rate,cv,cv_lwr,cv_upr
speciation,0.23036822772718124,0.0,0.0
extinction,0.4672586812367478,0.0,0.0
