rate,cv,cv_lwr,cv_upr
speciation,0.17986564097938207,0.0,0.0
extinction,0.1815073221945466,0.0,0.0
