rate,cv,cv_lwr,cv_upr
speciation,0.44632612517396447,0.0,0.0
extinction,0.540484819758885,0.0,0.0
