rate,cv,cv_lwr,cv_upr
speciation,0.20829682072895808,0.0,0.0
extinction,0.17754730529264068,0.0,0.0
