rate,cv,cv_lwr,cv_upr
speciation,0.137164740182628,0.0,0.0
extinction,0.21406422646229162,0.0,0.0
