rate,cv,cv_lwr,cv_upr
speciation,0.5554906963013113,0.0,0.0
extinction,0.44728720430375823,0.0,0.0
