rate,cv,cv_lwr,cv_upr
speciation,0.2681688450009394,0.0,0.0
extinction,0.35676576149520167,0.0,0.0
