rate,cv,cv_lwr,cv_upr
speciation,0.4117068489011272,0.0,0.0
extinction,0.46381156481298175,0.0,0.0
