rate,cv,cv_lwr,cv_upr
speciation,0.3986501909055735,0.0,0.0
extinction,0.599223686867008,0.0,0.0
