rate,cv,cv_lwr,cv_upr
speciation,0.014245195014365953,0.0,0.0
extinction,0.0356143129498826,0.0,0.0
