rate,cv,cv_lwr,cv_upr
speciation,0.4052857697201569,0.0,0.0
extinction,0.4249855365669847,0.0,0.0
