rate,cv,cv_lwr,cv_upr
speciation,0.23329849356616808,0.0,0.0
extinction,0.3050399143167903,0.0,0.0
