rate,cv,cv_lwr,cv_upr
speciation,0.38343495990753484,0.0,0.0
extinction,0.5791471946469742,0.0,0.0
