rate,cv,cv_lwr,cv_upr
speciation,0.12017623455899792,0.0,0.0
extinction,0.17514006155892473,0.0,0.0
