rate,cv,cv_lwr,cv_upr
speciation,0.201980162340733,0.0,0.0
extinction,0.18811734883295728,0.0,0.0
