rate,cv,cv_lwr,cv_upr
speciation,0.06778196763423612,0.0,0.0
extinction,0.09249294368149882,0.0,0.0
