rate,cv,cv_lwr,cv_upr
speciation,0.2514313219930133,0.0,0.0
extinction,0.42350185702529186,0.0,0.0
