rate,cv,cv_lwr,cv_upr
speciation,0.04835386386489499,0.0,0.0
extinction,0.12235165552475012,0.0,0.0
