rate,cv,cv_lwr,cv_upr
speciation,0.5087968205036905,0.0,0.0
extinction,0.5849799495968132,0.0,0.0
