rate,cv,cv_lwr,cv_upr
speciation,0.40826942013102324,0.0,0.0
extinction,0.5314237861198283,0.0,0.0
