rate,cv,cv_lwr,cv_upr
speciation,0.1779307284786021,0.0,0.0
extinction,0.16109141504740884,0.0,0.0
