rate,cv,cv_lwr,cv_upr
speciation,0.4594622610389126,0.0,0.0
extinction,0.552717335530225,0.0,0.0
