rate,cv,cv_lwr,cv_upr
speciation,0.41447942220915923,0.0,0.0
extinction,0.1965813497615843,0.0,0.0
