rate,cv,cv_lwr,cv_upr
speciation,0.5747413759386594,0.0,0.0
extinction,0.6485254256592161,0.0,0.0
