rate,cv,cv_lwr,cv_upr
speciation,0.5354948528558168,0.0,0.0
extinction,0.7026317651071767,0.0,0.0
