rate,cv,cv_lwr,cv_upr
speciation,0.05822437210528373,0.0,0.0
extinction,0.03792757503270285,0.0,0.0
