rate,cv,cv_lwr,cv_upr
speciation,0.337996803413113,0.0,0.0
extinction,0.37445321876122895,0.0,0.0
