rate,cv,cv_lwr,cv_upr
speciation,0.22007462726711005,0.0,0.0
extinction,0.3347620553999564,0.0,0.0
