rate,cv,cv_lwr,cv_upr
speciation,0.3161367987805358,0.0,0.0
extinction,0.3608078727586281,0.0,0.0
