rate,cv,cv_lwr,cv_upr
speciation,0.4690227413638142,0.0,0.0
extinction,0.5768331055673794,0.0,0.0
