rate,cv,cv_lwr,cv_upr
speciation,0.5256154116106638,0.0,0.0
extinction,0.7104456365620486,0.0,0.0
