rate,cv,cv_lwr,cv_upr
speciation,0.5303899832423581,0.0,0.0
extinction,0.6879285137105147,0.0,0.0
