rate,cv,cv_lwr,cv_upr
speciation,0.1778232203126302,0.0,0.0
extinction,0.14508340003822157,0.0,0.0
