rate,cv,cv_lwr,cv_upr
speciation,0.11269646496742235,0.0,0.0
extinction,0.27535921853698436,0.0,0.0
