rate,cv,cv_lwr,cv_upr
speciation,0.25518076524240646,0.0,0.0
extinction,0.33859142109452117,0.0,0.0
