rate,cv,cv_lwr,cv_upr
speciation,0.5863103060818018,0.0,0.0
extinction,0.42564215043539005,0.0,0.0
