rate,cv,cv_lwr,cv_upr
speciation,0.17974727064997909,0.0,0.0
extinction,0.17115489804410022,0.0,0.0
