rate,cv,cv_lwr,cv_upr
speciation,0.4250606221639544,0.0,0.0
extinction,0.5879323032977217,0.0,0.0
