rate,cv,cv_lwr,cv_upr
speciation,0.15399033779463392,0.0,0.0
extinction,0.14823843503396864,0.0,0.0
