rate,cv,cv_lwr,cv_upr
speciation,0.3124872163039517,0.0,0.0
extinction,0.4697582296231362,0.0,0.0
