rate,cv,cv_lwr,cv_upr
speciation,0.41584904349030366,0.0,0.0
extinction,0.5181074467628036,0.0,0.0
