rate,cv,cv_lwr,cv_upr
speciation,0.35105879568484616,0.0,0.0
extinction,0.49001356593127376,0.0,0.0
