rate,cv,cv_lwr,cv_upr
speciation,0.04435250888916165,0.0,0.0
extinction,0.05389047417085242,0.0,0.0
