rate,cv,cv_lwr,cv_upr
speciation,0.41114423029076136,0.0,0.0
extinction,0.5471498496469169,0.0,0.0
