rate,cv,cv_lwr,cv_upr
speciation,0.027224979345173,0.0,0.0
extinction,0.027570500369371143,0.0,0.0
