rate,cv,cv_lwr,cv_upr
speciation,0.017499117195392228,0.0,0.0
extinction,0.04976894077842021,0.0,0.0
