rate,cv,cv_lwr,cv_upr
speciation,0.27706194549323976,0.0,0.0
extinction,0.3926450091427564,0.0,0.0
