rate,cv,cv_lwr,cv_upr
speciation,0.045946003720790614,0.0,0.0
extinction,0.03772655866548123,0.0,0.0
