rate,cv,cv_lwr,cv_upr
speciation,0.343589644437336,0.0,0.0
extinction,0.46357327139380833,0.0,0.0
