rate,cv,cv_lwr,cv_upr
speciation,0.4030946933892202,0.0,0.0
extinction,0.5904085422635127,0.0,0.0
