rate,cv,cv_lwr,cv_upr
speciation,0.06666535437563964,0.0,0.0
extinction,0.032177760445885134,0.0,0.0
