rate,cv,cv_lwr,cv_upr
speciation,0.29106409392122784,0.0,0.0
extinction,0.3989628838598837,0.0,0.0
