rate,cv,cv_lwr,cv_upr
speciation,0.43306581487753026,0.0,0.0
extinction,0.688028794049931,0.0,0.0
