rate,cv,cv_lwr,cv_upr
speciation,0.2919276947000421,0.0,0.0
extinction,0.3040803341738415,0.0,0.0
