rate,cv,cv_lwr,cv_upr
speciation,0.05232369515962779,0.0,0.0
extinction,0.056631116959639564,0.0,0.0
