rate,cv,cv_lwr,cv_upr
speciation,0.094735717769031,0.0,0.0
extinction,0.049954565753830525,0.0,0.0
