rate,cv,cv_lwr,cv_upr
speciation,0.13630236984789568,0.0,0.0
extinction,0.14127629962598387,0.0,0.0
