rate,cv,cv_lwr,cv_upr
speciation,0.023793874992389042,0.0,0.0
extinction,0.047477494404465186,0.0,0.0
