rate,cv,cv_lwr,cv_upr
speciation,0.3269410539589768,0.0,0.0
extinction,0.46217673167093254,0.0,0.0
