rate,cv,cv_lwr,cv_upr
speciation,0.023742955395452535,0.0,0.0
extinction,0.03666280212341081,0.0,0.0
