rate,cv,cv_lwr,cv_upr
speciation,0.25015422626517037,0.0,0.0
extinction,0.2710325421567468,0.0,0.0
