rate,cv,cv_lwr,cv_upr
speciation,0.40217692960713597,0.0,0.0
extinction,0.5027803284037634,0.0,0.0
