rate,cv,cv_lwr,cv_upr
speciation,0.5038234742440191,0.0,0.0
extinction,0.6487488209865134,0.0,0.0
