rate,cv,cv_lwr,cv_upr
speciation,0.6066169599491769,0.0,0.0
extinction,0.5592239925087822,0.0,0.0
