rate,cv,cv_lwr,cv_upr
speciation,0.266958686586729,0.0,0.0
extinction,0.2689604251525044,0.0,0.0
