rate,cv,cv_lwr,cv_upr
speciation,0.40104121561093403,0.0,0.0
extinction,0.5933372494049538,0.0,0.0
