rate,cv,cv_lwr,cv_upr
speciation,0.4562005843759475,0.0,0.0
extinction,0.5957500927694411,0.0,0.0
