rate,cv,cv_lwr,cv_upr
speciation,0.2685781565308866,0.0,0.0
extinction,0.46319172805242304,0.0,0.0
