rate,cv,cv_lwr,cv_upr
speciation,0.024131489466353784,0.0,0.0
extinction,0.020365626439784314,0.0,0.0
