rate,cv,cv_lwr,cv_upr
speciation,0.305011979836591,0.0,0.0
extinction,0.5348018485922612,0.0,0.0
