rate,cv,cv_lwr,cv_upr
speciation,0.2779984768055801,0.0,0.0
extinction,0.2794754387267395,0.0,0.0
