rate,cv,cv_lwr,cv_upr
speciation,0.423996853654143,0.0,0.0
extinction,0.5163593545673049,0.0,0.0
