rate,cv,cv_lwr,cv_upr
speciation,0.02621287817260725,0.0,0.0
extinction,0.028819765124776953,0.0,0.0
