rate,cv,cv_lwr,cv_upr
speciation,0.10039459278483047,0.0,0.0
extinction,0.25904905921208554,0.0,0.0
