rate,cv,cv_lwr,cv_upr
speciation,0.3415554405202467,0.0,0.0
extinction,0.5079040073168988,0.0,0.0
