rate,cv,cv_lwr,cv_upr
speciation,0.24721754089769546,0.0,0.0
extinction,0.332508580774815,0.0,0.0
