rate,cv,cv_lwr,cv_upr
speciation,0.16391821884825458,0.0,0.0
extinction,0.20165376476850497,0.0,0.0
