rate,cv,cv_lwr,cv_upr
speciation,0.24475799876421303,0.0,0.0
extinction,0.4138944390496186,0.0,0.0
