rate,cv,cv_lwr,cv_upr
speciation,0.1156889983322881,0.0,0.0
extinction,0.031527395268596034,0.0,0.0
