rate,cv,cv_lwr,cv_upr
speciation,0.5819771787670591,0.0,0.0
extinction,0.7601853777123593,0.0,0.0
