rate,cv,cv_lwr,cv_upr
speciation,0.30906283373272037,0.0,0.0
extinction,0.4808502857017971,0.0,0.0
