rate,cv,cv_lwr,cv_upr
speciation,0.19345528682747587,0.0,0.0
extinction,0.20480684593387072,0.0,0.0
