rate,cv,cv_lwr,cv_upr
speciation,0.16038402358757775,0.0,0.0
extinction,0.38821955789452645,0.0,0.0
