rate,cv,cv_lwr,cv_upr
speciation,0.04489893665558823,0.0,0.0
extinction,0.030370523859318186,0.0,0.0
