rate,cv,cv_lwr,cv_upr
speciation,0.41891457720020137,0.0,0.0
extinction,0.5263506013752808,0.0,0.0
