rate,cv,cv_lwr,cv_upr
speciation,0.4771016700661086,0.0,0.0
extinction,0.7725070942026112,0.0,0.0
