rate,cv,cv_lwr,cv_upr
speciation,0.287239056547259,0.0,0.0
extinction,0.5058109351886116,0.0,0.0
