rate,cv,cv_lwr,cv_upr
speciation,0.1410794944246098,0.0,0.0
extinction,0.12051467500435414,0.0,0.0
