rate,cv,cv_lwr,cv_upr
speciation,0.14069325603438967,0.0,0.0
extinction,0.3622785536877612,0.0,0.0
