rate,cv,cv_lwr,cv_upr
speciation,0.37434176833762234,0.0,0.0
extinction,0.7053423768588984,0.0,0.0
