rate,cv,cv_lwr,cv_upr
speciation,0.37176843010346516,0.0,0.0
extinction,0.534147104387972,0.0,0.0
