rate,cv,cv_lwr,cv_upr
speciation,0.3205937289757856,0.0,0.0
extinction,0.7110507210088353,0.0,0.0
