rate,cv,cv_lwr,cv_upr
speciation,0.33765529334764854,0.0,0.0
extinction,0.4023015286643405,0.0,0.0
