rate,cv,cv_lwr,cv_upr
speciation,0.19703697758184466,0.0,0.0
extinction,0.1979263933768009,0.0,0.0
