rate,cv,cv_lwr,cv_upr
speciation,0.4539802139429883,0.0,0.0
extinction,0.5437696177838369,0.0,0.0
