rate,cv,cv_lwr,cv_upr
speciation,0.23863378865970128,0.0,0.0
extinction,0.43980410598188385,0.0,0.0
