rate,cv,cv_lwr,cv_upr
speciation,0.06336868783281471,0.0,0.0
extinction,0.029723475703583566,0.0,0.0
