rate,cv,cv_lwr,cv_upr
speciation,0.3782490479510704,0.0,0.0
extinction,0.531767153442873,0.0,0.0
