rate,cv,cv_lwr,cv_upr
speciation,0.4793818722986363,0.0,0.0
extinction,0.6281741982829202,0.0,0.0
