rate,cv,cv_lwr,cv_upr
speciation,0.10385969196396436,0.0,0.0
extinction,0.11469322760882526,0.0,0.0
