rate,cv,cv_lwr,cv_upr
speciation,0.34244587603160964,0.0,0.0
extinction,0.5944404291147988,0.0,0.0
