rate,cv,cv_lwr,cv_upr
speciation,0.5378139912835543,0.0,0.0
extinction,0.3636731577141258,0.0,0.0
