rate,cv,cv_lwr,cv_upr
speciation,0.45625569732976573,0.0,0.0
extinction,0.5096065819493191,0.0,0.0
