rate,cv,cv_lwr,cv_upr
speciation,0.010992420476319497,0.0,0.0
extinction,0.017710836038560867,0.0,0.0
