rate,cv,cv_lwr,cv_upr
speciation,0.5250455016926258,0.0,0.0
extinction,0.6870177354126126,0.0,0.0
