rate,cv,cv_lwr,cv_upr
speciation,0.3708112384515069,0.0,0.0
extinction,0.5304777383914838,0.0,0.0
