rate,cv,cv_lwr,cv_upr
speciation,0.5108170959967883,0.0,0.0
extinction,0.5933482297028513,0.0,0.0
