rate,cv,cv_lwr,cv_upr
speciation,0.028572770678706328,0.0,0.0
extinction,0.03172874541901624,0.0,0.0
