rate,cv,cv_lwr,cv_upr
speciation,0.2780360694437173,0.0,0.0
extinction,0.3359132097964761,0.0,0.0
