rate,cv,cv_lwr,cv_upr
speciation,0.22011643425903743,0.0,0.0
extinction,0.49378946694470016,0.0,0.0
