rate,cv,cv_lwr,cv_upr
speciation,0.4640485923264014,0.0,0.0
extinction,0.6482347126088738,0.0,0.0
