rate,cv,cv_lwr,cv_upr
speciation,0.024458343747396027,0.0,0.0
extinction,0.03413638570618625,0.0,0.0
