rate,cv,cv_lwr,cv_upr
speciation,0.19803944853048247,0.0,0.0
extinction,0.3739364195845954,0.0,0.0
