rate,cv,cv_lwr,cv_upr
speciation,0.08634776847656359,0.0,0.0
extinction,0.09036998233078486,0.0,0.0
