rate,cv,cv_lwr,cv_upr
speciation,0.4354280798991258,0.0,0.0
extinction,0.43826788036412057,0.0,0.0
