rate,cv,cv_lwr,cv_upr
speciation,0.5347449032208825,0.0,0.0
extinction,0.6252323802382901,0.0,0.0
