rate,cv,cv_lwr,cv_upr
speciation,0.1661962903852297,0.0,0.0
extinction,0.09376449633397095,0.0,0.0
