rate,cv,cv_lwr,cv_upr
speciation,0.040682600720985326,0.0,0.0
extinction,0.08521710044046633,0.0,0.0
