rate,cv,cv_lwr,cv_upr
speciation,0.18302704997487726,0.0,0.0
extinction,0.18501165862682914,0.0,0.0
