rate,cv,cv_lwr,cv_upr
speciation,0.21477072690979965,0.0,0.0
extinction,0.3727758130747303,0.0,0.0
