rate,cv,cv_lwr,cv_upr
speciation,0.2838656095307076,0.0,0.0
extinction,0.6123664763410241,0.0,0.0
