rate,cv,cv_lwr,cv_upr
speciation,0.6026118030997278,0.0,0.0
extinction,0.7730176598038563,0.0,0.0
