rate,cv,cv_lwr,cv_upr
speciation,0.5084969384113158,0.0,0.0
extinction,0.6349372365219341,0.0,0.0
