rate,cv,cv_lwr,cv_upr
speciation,0.36956714719809364,0.0,0.0
extinction,0.4160193335112271,0.0,0.0
