rate,cv,cv_lwr,cv_upr
speciation,0.05159195668867744,0.0,0.0
extinction,0.027521034128971514,0.0,0.0
