rate,cv,cv_lwr,cv_upr
speciation,0.2841707357971591,0.0,0.0
extinction,0.14357653251343738,0.0,0.0
