rate,cv,cv_lwr,cv_upr
speciation,0.3437787466253648,0.0,0.0
extinction,0.3403732555952349,0.0,0.0
