rate,cv,cv_lwr,cv_upr
speciation,0.4134463631671806,0.0,0.0
extinction,0.3530863586093876,0.0,0.0
