rate,cv,cv_lwr,cv_upr
speciation,0.4445963499461891,0.0,0.0
extinction,0.6690775593302438,0.0,0.0
