rate,cv,cv_lwr,cv_upr
speciation,0.48132285023020843,0.0,0.0
extinction,0.6886802494926011,0.0,0.0
