rate,cv,cv_lwr,cv_upr
speciation,0.2933311432491239,0.0,0.0
extinction,0.3791651697897368,0.0,0.0
