rate,cv,cv_lwr,cv_upr
speciation,0.30934190310275816,0.0,0.0
extinction,0.2754959174006385,0.0,0.0
