rate,cv,cv_lwr,cv_upr
speciation,0.029808742168759946,0.0,0.0
extinction,0.02288840728647303,0.0,0.0
