rate,cv,cv_lwr,cv_upr
speciation,0.306415416831966,0.0,0.0
extinction,0.4023038652808231,0.0,0.0
