rate,cv,cv_lwr,cv_upr
speciation,0.24052284038008256,0.0,0.0
extinction,0.29211932026999915,0.0,0.0
