rate,cv,cv_lwr,cv_upr
speciation,0.468209890352725,0.0,0.0
extinction,0.5741164614826593,0.0,0.0
