rate,cv,cv_lwr,cv_upr
speciation,0.566222018179425,0.0,0.0
extinction,0.7529714662968051,0.0,0.0
