rate,cv,cv_lwr,cv_upr
speciation,0.34298019938033725,0.0,0.0
extinction,0.48353035287047824,0.0,0.0
