rate,cv,cv_lwr,cv_upr
speciation,0.4520153136024481,0.0,0.0
extinction,0.521197898673691,0.0,0.0
