rate,cv,cv_lwr,cv_upr
speciation,0.4611526955910807,0.0,0.0
extinction,0.6640764933650969,0.0,0.0
