rate,cv,cv_lwr,cv_upr
speciation,0.6346629390298136,0.0,0.0
extinction,0.6878726299508228,0.0,0.0
