rate,cv,cv_lwr,cv_upr
speciation,0.28905899303512045,0.0,0.0
extinction,0.4568092106192702,0.0,0.0
