rate,cv,cv_lwr,cv_upr
speciation,0.2525571419119276,0.0,0.0
extinction,0.4790818232654124,0.0,0.0
