rate,cv,cv_lwr,cv_upr
speciation,0.34974046013512056,0.0,0.0
extinction,0.547651545058129,0.0,0.0
