rate,cv,cv_lwr,cv_upr
speciation,0.04331895790480034,0.0,0.0
extinction,0.03407991789852086,0.0,0.0
