rate,cv,cv_lwr,cv_upr
speciation,0.38648962856791197,0.0,0.0
extinction,0.607640766062398,0.0,0.0
