rate,cv,cv_lwr,cv_upr
speciation,0.6682335943253025,0.0,0.0
extinction,1.0083951067237908,0.0,0.0
