rate,cv,cv_lwr,cv_upr
speciation,0.36411674863455834,0.0,0.0
extinction,0.49587909407963643,0.0,0.0
