rate,cv,cv_lwr,cv_upr
speciation,0.3320559108972032,0.0,0.0
extinction,0.35556978105566606,0.0,0.0
