rate,cv,cv_lwr,cv_upr
speciation,0.41609900126151506,0.0,0.0
extinction,0.5413447253152961,0.0,0.0
