rate,cv,cv_lwr,cv_upr
speciation,0.0867288825275908,0.0,0.0
extinction,0.0590415150759979,0.0,0.0
