rate,cv,cv_lwr,cv_upr
speciation,0.3437277382837994,0.0,0.0
extinction,0.42626421023087263,0.0,0.0
