rate,cv,cv_lwr,cv_upr
speciation,0.3195604508369491,0.0,0.0
extinction,0.4157816169245698,0.0,0.0
