rate,cv,cv_lwr,cv_upr
speciation,0.38359334172109144,0.0,0.0
extinction,0.4424401293736233,0.0,0.0
