rate,cv,cv_lwr,cv_upr
speciation,0.5623490506121608,0.0,0.0
extinction,0.5720368881620339,0.0,0.0
