rate,cv,cv_lwr,cv_upr
speciation,0.07463246231218636,0.0,0.0
extinction,0.044856049575734094,0.0,0.0
