rate,cv,cv_lwr,cv_upr
speciation,0.061135445360006695,0.0,0.0
extinction,0.05153992156823255,0.0,0.0
