rate,cv,cv_lwr,cv_upr
speciation,0.2611689750836119,0.0,0.0
extinction,0.38892010674451577,0.0,0.0
