rate,cv,cv_lwr,cv_upr
speciation,0.19146020918756002,0.0,0.0
extinction,0.24288961156079025,0.0,0.0
