rate,cv,cv_lwr,cv_upr
speciation,0.06054621890517046,0.0,0.0
extinction,0.08872441997049797,0.0,0.0
