rate,cv,cv_lwr,cv_upr
speciation,0.21950917434235598,0.0,0.0
extinction,0.1819394837379614,0.0,0.0
