rate,cv,cv_lwr,cv_upr
speciation,0.16010517075415373,0.0,0.0
extinction,0.13975696572157226,0.0,0.0
