rate,cv,cv_lwr,cv_upr
speciation,0.33323656316127903,0.0,0.0
extinction,0.4229696110790005,0.0,0.0
