rate,cv,cv_lwr,cv_upr
speciation,0.5020085026650579,0.0,0.0
extinction,0.49061481304658905,0.0,0.0
