rate,cv,cv_lwr,cv_upr
speciation,0.39880575117878964,0.0,0.0
extinction,0.5389036642715009,0.0,0.0
