rate,cv,cv_lwr,cv_upr
speciation,0.30098386015461287,0.0,0.0
extinction,0.3716083030987668,0.0,0.0
