rate,cv,cv_lwr,cv_upr
speciation,0.4020117034611547,0.0,0.0
extinction,0.6754786870536242,0.0,0.0
