rate,cv,cv_lwr,cv_upr
speciation,0.14639597823492925,0.0,0.0
extinction,0.37103950701540417,0.0,0.0
