rate,cv,cv_lwr,cv_upr
speciation,0.03776742472406514,0.0,0.0
extinction,0.04147821108422344,0.0,0.0
