rate,cv,cv_lwr,cv_upr
speciation,0.21106887193904056,0.0,0.0
extinction,0.23113885971133352,0.0,0.0
