rate,cv,cv_lwr,cv_upr
speciation,0.13317587950145768,0.0,0.0
extinction,0.335311418722541,0.0,0.0
