rate,cv,cv_lwr,cv_upr
speciation,0.375443006547948,0.0,0.0
extinction,0.49554373026888066,0.0,0.0
