rate,cv,cv_lwr,cv_upr
speciation,0.6122250307957465,0.0,0.0
extinction,0.5817309147096473,0.0,0.0
