rate,cv,cv_lwr,cv_upr
speciation,0.30175762724998206,0.0,0.0
extinction,0.6161327400975094,0.0,0.0
