rate,cv,cv_lwr,cv_upr
speciation,0.32898092948206037,0.0,0.0
extinction,0.743543779680701,0.0,0.0
