rate,cv,cv_lwr,cv_upr
speciation,0.20252394701856588,0.0,0.0
extinction,0.25022894367095905,0.0,0.0
