rate,cv,cv_lwr,cv_upr
speciation,0.48057979326286254,0.0,0.0
extinction,0.7061511698135747,0.0,0.0
