rate,cv,cv_lwr,cv_upr
speciation,0.29248087735866474,0.0,0.0
extinction,0.5383713745550619,0.0,0.0
