rate,cv,cv_lwr,cv_upr
speciation,0.15068767982414258,0.0,0.0
extinction,0.1088773855777645,0.0,0.0
