rate,cv,cv_lwr,cv_upr
speciation,0.019814275591425432,0.0,0.0
extinction,0.03240615152657734,0.0,0.0
