rate,cv,cv_lwr,cv_upr
speciation,0.3277839727050938,0.0,0.0
extinction,0.586557939855004,0.0,0.0
