rate,cv,cv_lwr,cv_upr
speciation,0.08832926198870603,0.0,0.0
extinction,0.3065449334294558,0.0,0.0
