rate,cv,cv_lwr,cv_upr
speciation,0.3090823265305439,0.0,0.0
extinction,0.5220292803276418,0.0,0.0
