rate,cv,cv_lwr,cv_upr
speciation,0.47666469455367405,0.0,0.0
extinction,0.5769457781823594,0.0,0.0
