rate,cv,cv_lwr,cv_upr
speciation,0.4995957371126302,0.0,0.0
extinction,0.5830248395601854,0.0,0.0
