rate,cv,cv_lwr,cv_upr
speciation,0.6247958771689647,0.0,0.0
extinction,0.8682462272475792,0.0,0.0
