rate,cv,cv_lwr,cv_upr
speciation,0.3648274673849029,0.0,0.0
extinction,0.6056361952420589,0.0,0.0
