rate,cv,cv_lwr,cv_upr
speciation,0.25030157747615683,0.0,0.0
extinction,0.3327262047706361,0.0,0.0
