rate,cv,cv_lwr,cv_upr
speciation,0.044783386610088786,0.0,0.0
extinction,0.03420728601275302,0.0,0.0
