rate,cv,cv_lwr,cv_upr
speciation,0.4671323200641032,0.0,0.0
extinction,0.7464629804821559,0.0,0.0
