rate,cv,cv_lwr,cv_upr
speciation,0.02043131572043265,0.0,0.0
extinction,0.035970749957151694,0.0,0.0
