rate,cv,cv_lwr,cv_upr
speciation,0.3268737513006818,0.0,0.0
extinction,0.4427905892810768,0.0,0.0
