rate,cv,cv_lwr,cv_upr
speciation,0.10144801476652626,0.0,0.0
extinction,0.13601044310130825,0.0,0.0
