rate,cv,cv_lwr,cv_upr
speciation,0.20488362725681142,0.0,0.0
extinction,0.32541561926436363,0.0,0.0
