rate,cv,cv_lwr,cv_upr
speciation,0.2497076151580458,0.0,0.0
extinction,0.4196532642968521,0.0,0.0
