rate,cv,cv_lwr,cv_upr
speciation,0.34532576057467546,0.0,0.0
extinction,0.4853704745787312,0.0,0.0
