rate,cv,cv_lwr,cv_upr
speciation,0.517147506314963,0.0,0.0
extinction,0.643848800493578,0.0,0.0
