rate,cv,cv_lwr,cv_upr
speciation,0.7292577913196636,0.0,0.0
extinction,0.8502085861089912,0.0,0.0
