rate,cv,cv_lwr,cv_upr
speciation,0.05762943235838921,0.0,0.0
extinction,0.04120383971003834,0.0,0.0
