rate,cv,cv_lwr,cv_upr
speciation,0.6337728109184573,0.0,0.0
extinction,0.6338580744085625,0.0,0.0
