rate,cv,cv_lwr,cv_upr
speciation,0.4830879872762466,0.0,0.0
extinction,0.6214197904005209,0.0,0.0
