rate,cv,cv_lwr,cv_upr
speciation,0.446115440759636,0.0,0.0
extinction,0.529540030390484,0.0,0.0
