rate,cv,cv_lwr,cv_upr
speciation,0.28732382346642155,0.0,0.0
extinction,0.4174847179223781,0.0,0.0
