rate,cv,cv_lwr,cv_upr
speciation,0.45563937583860264,0.0,0.0
extinction,0.2349940081156816,0.0,0.0
