rate,cv,cv_lwr,cv_upr
speciation,0.028788075993278525,0.0,0.0
extinction,0.02304284252048112,0.0,0.0
