rate,cv,cv_lwr,cv_upr
speciation,0.4775208876232957,0.0,0.0
extinction,0.6260821584884955,0.0,0.0
