rate,cv,cv_lwr,cv_upr
speciation,0.28341648296084504,0.0,0.0
extinction,0.45818109271512697,0.0,0.0
