rate,cv,cv_lwr,cv_upr
speciation,0.6093386176277463,0.0,0.0
extinction,0.8906013378870908,0.0,0.0
