rate,cv,cv_lwr,cv_upr
speciation,0.13349492839407448,0.0,0.0
extinction,0.21880926407476928,0.0,0.0
