rate,cv,cv_lwr,cv_upr
speciation,0.3480665187769148,0.0,0.0
extinction,0.5295469211097704,0.0,0.0
