rate,cv,cv_lwr,cv_upr
speciation,0.2283791762695592,0.0,0.0
extinction,0.3022422553953247,0.0,0.0
