rate,cv,cv_lwr,cv_upr
speciation,0.30295537526750427,0.0,0.0
extinction,0.33904942843350583,0.0,0.0
