rate,cv,cv_lwr,cv_upr
speciation,0.07097650158130057,0.0,0.0
extinction,0.12184034291483839,0.0,0.0
