rate,cv,cv_lwr,cv_upr
speciation,0.4675315739056164,0.0,0.0
extinction,0.6263632269931237,0.0,0.0
