rate,cv,cv_lwr,cv_upr
speciation,0.3197284929947759,0.0,0.0
extinction,0.40016878241699033,0.0,0.0
