rate,cv,cv_lwr,cv_upr
speciation,0.11387499327603862,0.0,0.0
extinction,0.23030206466583925,0.0,0.0
