rate,cv,cv_lwr,cv_upr
speciation,0.601968200278126,0.0,0.0
extinction,0.7585093949120504,0.0,0.0
