rate,cv,cv_lwr,cv_upr
speciation,0.2785675070778985,0.0,0.0
extinction,0.4395844391192501,0.0,0.0
