rate,cv,cv_lwr,cv_upr
speciation,0.7518627487404873,0.0,0.0
extinction,0.6955764053884045,0.0,0.0
