rate,cv,cv_lwr,cv_upr
speciation,0.4238572059994838,0.0,0.0
extinction,0.5708521070525847,0.0,0.0
