rate,cv,cv_lwr,cv_upr
speciation,0.06537531229372048,0.0,0.0
extinction,0.05528534991757582,0.0,0.0
