rate,cv,cv_lwr,cv_upr
speciation,0.3536834409327433,0.0,0.0
extinction,0.3730289194724819,0.0,0.0
