rate,cv,cv_lwr,cv_upr
speciation,0.3908966046656477,0.0,0.0
extinction,0.5752564205677596,0.0,0.0
