rate,cv,cv_lwr,cv_upr
speciation,0.3454905777503176,0.0,0.0
extinction,0.5229812666541095,0.0,0.0
