rate,cv,cv_lwr,cv_upr
speciation,0.35173471629407305,0.0,0.0
extinction,0.4287283845570323,0.0,0.0
