rate,cv,cv_lwr,cv_upr
speciation,0.45704884663846584,0.0,0.0
extinction,0.559338368504463,0.0,0.0
