rate,cv,cv_lwr,cv_upr
speciation,0.3422257638923042,0.0,0.0
extinction,0.5224800744433389,0.0,0.0
