rate,cv,cv_lwr,cv_upr
speciation,0.4438144054345326,0.0,0.0
extinction,0.6156052767569469,0.0,0.0
