rate,cv,cv_lwr,cv_upr
speciation,0.44272968663428813,0.0,0.0
extinction,0.703276491433163,0.0,0.0
