rate,cv,cv_lwr,cv_upr
speciation,0.12448258335772666,0.0,0.0
extinction,0.20682362529541343,0.0,0.0
