rate,cv,cv_lwr,cv_upr
speciation,0.37139095348651346,0.0,0.0
extinction,0.4094821800855316,0.0,0.0
