rate,cv,cv_lwr,cv_upr
speciation,0.11530263859247776,0.0,0.0
extinction,0.15892021730097197,0.0,0.0
