rate,cv,cv_lwr,cv_upr
speciation,0.2693403117110619,0.0,0.0
extinction,0.27209548794612587,0.0,0.0
