rate,cv,cv_lwr,cv_upr
speciation,0.31961172743979943,0.0,0.0
extinction,0.36346349955870305,0.0,0.0
