rate,cv,cv_lwr,cv_upr
speciation,0.33180532390205747,0.0,0.0
extinction,0.5395832234244239,0.0,0.0
