rate,cv,cv_lwr,cv_upr
speciation,0.37880032903033617,0.0,0.0
extinction,0.4834647418352047,0.0,0.0
