rate,cv,cv_lwr,cv_upr
speciation,0.22934109496752747,0.0,0.0
extinction,0.2404080642366651,0.0,0.0
