rate,cv,cv_lwr,cv_upr
speciation,0.025270571521416756,0.0,0.0
extinction,0.021991880069159583,0.0,0.0
