rate,cv,cv_lwr,cv_upr
speciation,0.028015397551998472,0.0,0.0
extinction,0.01424020577694112,0.0,0.0
