rate,cv,cv_lwr,cv_upr
speciation,0.4607971815624049,0.0,0.0
extinction,0.5317248303811799,0.0,0.0
