rate,cv,cv_lwr,cv_upr
speciation,0.036007301310950736,0.0,0.0
extinction,0.018234470723751752,0.0,0.0
