rate,cv,cv_lwr,cv_upr
speciation,0.052408013625946874,0.0,0.0
extinction,0.09743504336043746,0.0,0.0
