rate,cv,cv_lwr,cv_upr
speciation,0.3660543176271044,0.0,0.0
extinction,0.5382283653824923,0.0,0.0
