rate,cv,cv_lwr,cv_upr
speciation,0.34035001812232646,0.0,0.0
extinction,0.38473676200894535,0.0,0.0
