rate,cv,cv_lwr,cv_upr
speciation,0.46284056501228393,0.0,0.0
extinction,0.6371300711473445,0.0,0.0
