rate,cv,cv_lwr,cv_upr
speciation,0.22292948951900748,0.0,0.0
extinction,0.33532452241659055,0.0,0.0
