rate,cv,cv_lwr,cv_upr
speciation,0.16276266703901834,0.0,0.0
extinction,0.29427782266203756,0.0,0.0
