rate,cv,cv_lwr,cv_upr
speciation,0.027175569759610597,0.0,0.0
extinction,0.03081364788227929,0.0,0.0
