rate,cv,cv_lwr,cv_upr
speciation,0.04717490011204449,0.0,0.0
extinction,0.064596181571592,0.0,0.0
