rate,cv,cv_lwr,cv_upr
speciation,0.4516684108652057,0.0,0.0
extinction,0.5753883895004458,0.0,0.0
