rate,cv,cv_lwr,cv_upr
speciation,0.39839312723787124,0.0,0.0
extinction,0.7228033633067241,0.0,0.0
