rate,cv,cv_lwr,cv_upr
speciation,0.31150522434184275,0.0,0.0
extinction,0.3763321989292475,0.0,0.0
