rate,cv,cv_lwr,cv_upr
speciation,0.48341769488994335,0.0,0.0
extinction,0.7705620451846414,0.0,0.0
