rate,cv,cv_lwr,cv_upr
speciation,0.4920768069027059,0.0,0.0
extinction,0.6970895796087453,0.0,0.0
