rate,cv,cv_lwr,cv_upr
speciation,0.48938012410680337,0.0,0.0
extinction,0.5991913591307412,0.0,0.0
