rate,cv,cv_lwr,cv_upr
speciation,0.1627542314170858,0.0,0.0
extinction,0.16988450228530239,0.0,0.0
