rate,cv,cv_lwr,cv_upr
speciation,0.30696716395945145,0.0,0.0
extinction,0.4018718350102793,0.0,0.0
