rate,cv,cv_lwr,cv_upr
speciation,0.3671213572392251,0.0,0.0
extinction,0.4755436705180576,0.0,0.0
