rate,cv,cv_lwr,cv_upr
speciation,0.3840057005726493,0.0,0.0
extinction,0.5583614796789041,0.0,0.0
