rate,cv,cv_lwr,cv_upr
speciation,0.5331424559044092,0.0,0.0
extinction,0.34682979997727387,0.0,0.0
