rate,cv,cv_lwr,cv_upr
speciation,0.2658073303252045,0.0,0.0
extinction,0.39375669804045016,0.0,0.0
