rate,cv,cv_lwr,cv_upr
speciation,0.12536334362332194,0.0,0.0
extinction,0.15520277776196215,0.0,0.0
