rate,cv,cv_lwr,cv_upr
speciation,0.40562134764691693,0.0,0.0
extinction,0.5020170326159447,0.0,0.0
