rate,cv,cv_lwr,cv_upr
speciation,0.34650031074929283,0.0,0.0
extinction,0.4717461136079403,0.0,0.0
