rate,cv,cv_lwr,cv_upr
speciation,0.5514315475089542,0.0,0.0
extinction,0.5804416327925693,0.0,0.0
