rate,cv,cv_lwr,cv_upr
speciation,0.33432560237180153,0.0,0.0
extinction,0.39018748491026933,0.0,0.0
