rate,cv,cv_lwr,cv_upr
speciation,0.5781599583582822,0.0,0.0
extinction,0.6981360965536166,0.0,0.0
