rate,cv,cv_lwr,cv_upr
speciation,0.39151213844254334,0.0,0.0
extinction,0.5944693526988225,0.0,0.0
