rate,cv,cv_lwr,cv_upr
speciation,0.3097809005045731,0.0,0.0
extinction,0.3982531856075935,0.0,0.0
