rate,cv,cv_lwr,cv_upr
speciation,0.28027719970940895,0.0,0.0
extinction,0.3382709491721947,0.0,0.0
