rate,cv,cv_lwr,cv_upr
speciation,0.01334370337618178,0.0,0.0
extinction,0.02538945296619483,0.0,0.0
