rate,cv,cv_lwr,cv_upr
speciation,0.5110094931175289,0.0,0.0
extinction,0.7241069984723719,0.0,0.0
