rate,cv,cv_lwr,cv_upr
speciation,0.04043370628659998,0.0,0.0
extinction,0.024184601860555613,0.0,0.0
