rate,cv,cv_lwr,cv_upr
speciation,0.4771379353229596,0.0,0.0
extinction,0.6447875120619145,0.0,0.0
