rate,cv,cv_lwr,cv_upr
speciation,0.25655943338395176,0.0,0.0
extinction,0.48342286948762486,0.0,0.0
