rate,cv,cv_lwr,cv_upr
speciation,0.18915418629622172,0.0,0.0
extinction,0.13577483423844378,0.0,0.0
