rate,cv,cv_lwr,cv_upr
speciation,0.4160869938123962,0.0,0.0
extinction,0.4596957800296489,0.0,0.0
