rate,cv,cv_lwr,cv_upr
speciation,0.25518355078239546,0.0,0.0
extinction,0.5243509370840782,0.0,0.0
