rate,cv,cv_lwr,cv_upr
speciation,0.3170766606000917,0.0,0.0
extinction,0.46544268190092963,0.0,0.0
