rate,cv,cv_lwr,cv_upr
speciation,0.033799662809836165,0.0,0.0
extinction,0.05821243407501736,0.0,0.0
