rate,cv,cv_lwr,cv_upr
speciation,0.19665766254157607,0.0,0.0
extinction,0.21332153061386966,0.0,0.0
