rate,cv,cv_lwr,cv_upr
speciation,0.41077867622030445,0.0,0.0
extinction,0.5928659072124981,0.0,0.0
