rate,cv,cv_lwr,cv_upr
speciation,0.41401833665037757,0.0,0.0
extinction,0.19919732130898243,0.0,0.0
