rate,cv,cv_lwr,cv_upr
speciation,0.1417752241765437,0.0,0.0
extinction,0.23678187601412964,0.0,0.0
