rate,cv,cv_lwr,cv_upr
speciation,0.3849461595336739,0.0,0.0
extinction,0.5203723715883041,0.0,0.0
