rate,cv,cv_lwr,cv_upr
speciation,0.33278833664620794,0.0,0.0
extinction,0.48651794933036624,0.0,0.0
