rate,cv,cv_lwr,cv_upr
speciation,0.3765260531404857,0.0,0.0
extinction,0.789819943392845,0.0,0.0
