rate,cv,cv_lwr,cv_upr
speciation,0.35597990252695766,0.0,0.0
extinction,0.4051997945871812,0.0,0.0
