rate,cv,cv_lwr,cv_upr
speciation,0.4941300203933786,0.0,0.0
extinction,0.6350446150343904,0.0,0.0
