rate,cv,cv_lwr,cv_upr
speciation,0.35589049583789645,0.0,0.0
extinction,0.4011954343278599,0.0,0.0
