rate,cv,cv_lwr,cv_upr
speciation,0.3181690915350085,0.0,0.0
extinction,0.40746967228520875,0.0,0.0
