rate,cv,cv_lwr,cv_upr
speciation,0.5203220115777524,0.0,0.0
extinction,0.8243856756442635,0.0,0.0
