rate,cv,cv_lwr,cv_upr
speciation,0.08005301752339439,0.0,0.0
extinction,0.07554945444174017,0.0,0.0
