rate,cv,cv_lwr,cv_upr
speciation,0.42950630047457183,0.0,0.0
extinction,0.637114554822788,0.0,0.0
