rate,cv,cv_lwr,cv_upr
speciation,0.020265079457436677,0.0,0.0
extinction,0.018005882966185844,0.0,0.0
