rate,cv,cv_lwr,cv_upr
speciation,0.2622233194959229,0.0,0.0
extinction,0.2675168613340657,0.0,0.0
