rate,cv,cv_lwr,cv_upr
speciation,0.3956895837933592,0.0,0.0
extinction,0.4474648638083635,0.0,0.0
