rate,cv,cv_lwr,cv_upr
speciation,0.4132338466806378,0.0,0.0
extinction,0.5837618052397002,0.0,0.0
