rate,cv,cv_lwr,cv_upr
speciation,0.40834649483823443,0.0,0.0
extinction,0.7124430392905099,0.0,0.0
