rate,cv,cv_lwr,cv_upr
speciation,0.4071625851511736,0.0,0.0
extinction,0.5958675923210688,0.0,0.0
