rate,cv,cv_lwr,cv_upr
speciation,0.4953651112103625,0.0,0.0
extinction,0.6851042466510459,0.0,0.0
