rate,cv,cv_lwr,cv_upr
speciation,0.509148600680106,0.0,0.0
extinction,0.6451572750591905,0.0,0.0
