rate,cv,cv_lwr,cv_upr
speciation,0.24724177648362428,0.0,0.0
extinction,0.26099150770786766,0.0,0.0
