rate,cv,cv_lwr,cv_upr
speciation,0.3782532527452589,0.0,0.0
extinction,0.5220564779948655,0.0,0.0
