rate,cv,cv_lwr,cv_upr
speciation,0.5556527423534594,0.0,0.0
extinction,0.7351754255879845,0.0,0.0
