rate,cv,cv_lwr,cv_upr
speciation,0.46785170176668067,0.0,0.0
extinction,0.6627126532409622,0.0,0.0
