rate,cv,cv_lwr,cv_upr
speciation,0.31475430045549857,0.0,0.0
extinction,0.6976766591452606,0.0,0.0
