rate,cv,cv_lwr,cv_upr
speciation,0.3987444167372344,0.0,0.0
extinction,0.6510961324136036,0.0,0.0
