rate,cv,cv_lwr,cv_upr
speciation,0.47619465940666195,0.0,0.0
extinction,0.5110864422242334,0.0,0.0
