rate,cv,cv_lwr,cv_upr
speciation,0.3730026890996668,0.0,0.0
extinction,0.6750077251211422,0.0,0.0
