rate,cv,cv_lwr,cv_upr
speciation,0.21742760085583504,0.0,0.0
extinction,0.3568641627850278,0.0,0.0
