rate,cv,cv_lwr,cv_upr
speciation,0.11241230153309881,0.0,0.0
extinction,0.18000172547971477,0.0,0.0
