rate,cv,cv_lwr,cv_upr
speciation,0.4460973354087622,0.0,0.0
extinction,0.8440648150690859,0.0,0.0
