rate,cv,cv_lwr,cv_upr
speciation,0.11145723587293253,0.0,0.0
extinction,0.11627017128199865,0.0,0.0
