rate,cv,cv_lwr,cv_upr
speciation,0.29563629935714114,0.0,0.0
extinction,0.4410298126077974,0.0,0.0
