rate,cv,cv_lwr,cv_upr
speciation,0.34207529742927945,0.0,0.0
extinction,0.7264495265898817,0.0,0.0
