rate,cv,cv_lwr,cv_upr
speciation,0.45335459746210593,0.0,0.0
extinction,0.5051591498756143,0.0,0.0
