rate,cv,cv_lwr,cv_upr
speciation,0.2639166924670665,0.0,0.0
extinction,0.3517374959104315,0.0,0.0
