rate,cv,cv_lwr,cv_upr
speciation,0.2697321650933228,0.0,0.0
extinction,0.580061633071079,0.0,0.0
