rate,cv,cv_lwr,cv_upr
speciation,0.26460274327975086,0.0,0.0
extinction,0.3131955668989753,0.0,0.0
