rate,cv,cv_lwr,cv_upr
speciation,0.028796561872857576,0.0,0.0
extinction,0.013816645123189076,0.0,0.0
