rate,cv,cv_lwr,cv_upr
speciation,0.07782067992346661,0.0,0.0
extinction,0.14449518477082254,0.0,0.0
