rate,cv,cv_lwr,cv_upr
speciation,0.06003414508539751,0.0,0.0
extinction,0.06394378520650697,0.0,0.0
