rate,cv,cv_lwr,cv_upr
speciation,0.44943486999609916,0.0,0.0
extinction,0.4059635676213587,0.0,0.0
