rate,cv,cv_lwr,cv_upr
speciation,0.22642655264791225,0.0,0.0
extinction,0.5023544710746773,0.0,0.0
