rate,cv,cv_lwr,cv_upr
speciation,0.10734165080692538,0.0,0.0
extinction,0.060563298153107785,0.0,0.0
