rate,cv,cv_lwr,cv_upr
speciation,0.3007909306065527,0.0,0.0
extinction,0.6027628094574446,0.0,0.0
