rate,cv,cv_lwr,cv_upr
speciation,0.0972440294547988,0.0,0.0
extinction,0.07816993078702754,0.0,0.0
