rate,cv,cv_lwr,cv_upr
speciation,0.4934394017847765,0.0,0.0
extinction,0.7451187422107117,0.0,0.0
