rate,cv,cv_lwr,cv_upr
speciation,0.0818646628306146,0.0,0.0
extinction,0.07391901585461914,0.0,0.0
