rate,cv,cv_lwr,cv_upr
speciation,0.12185149915189475,0.0,0.0
extinction,0.24446280368449086,0.0,0.0
