rate,cv,cv_lwr,cv_upr
speciation,0.15898792265664377,0.0,0.0
extinction,0.24971811493172275,0.0,0.0
