rate,cv,cv_lwr,cv_upr
speciation,0.1643816707762057,0.0,0.0
extinction,0.32159363607837316,0.0,0.0
