rate,cv,cv_lwr,cv_upr
speciation,0.43214928768571054,0.0,0.0
extinction,0.5285580210314006,0.0,0.0
