rate,cv,cv_lwr,cv_upr
speciation,0.4814370026364505,0.0,0.0
extinction,0.5982919430677925,0.0,0.0
