rate,cv,cv_lwr,cv_upr
speciation,0.25461723235825184,0.0,0.0
extinction,0.46209476211734946,0.0,0.0
