rate,cv,cv_lwr,cv_upr
speciation,0.2202229158756324,0.0,0.0
extinction,0.36745488771453644,0.0,0.0
