rate,cv,cv_lwr,cv_upr
speciation,0.19000180720717735,0.0,0.0
extinction,0.15613054522253222,0.0,0.0
