rate,cv,cv_lwr,cv_upr
speciation,0.42368486409500394,0.0,0.0
extinction,0.4821931789107942,0.0,0.0
