rate,cv,cv_lwr,cv_upr
speciation,0.02961125838874728,0.0,0.0
extinction,0.02189438466536024,0.0,0.0
