rate,cv,cv_lwr,cv_upr
speciation,0.2909933347574609,0.0,0.0
extinction,0.4405890315419663,0.0,0.0
