rate,cv,cv_lwr,cv_upr
speciation,0.26501586732769283,0.0,0.0
extinction,0.2940747939799809,0.0,0.0
