rate,cv,cv_lwr,cv_upr
speciation,0.18639972113432549,0.0,0.0
extinction,0.31450545115815665,0.0,0.0
