rate,cv,cv_lwr,cv_upr
speciation,0.1939355091700739,0.0,0.0
extinction,0.40640846658909846,0.0,0.0
