rate,cv,cv_lwr,cv_upr
speciation,0.2572365998590876,0.0,0.0
extinction,0.2786110281172195,0.0,0.0
