rate,cv,cv_lwr,cv_upr
speciation,0.2955942558717057,0.0,0.0
extinction,0.3313287049416004,0.0,0.0
