rate,cv,cv_lwr,cv_upr
speciation,0.22083147784116616,0.0,0.0
extinction,0.31775320126288054,0.0,0.0
