rate,cv,cv_lwr,cv_upr
speciation,0.2027187914909421,0.0,0.0
extinction,0.13887025446652934,0.0,0.0
