rate,cv,cv_lwr,cv_upr
speciation,0.627020861605896,0.0,0.0
extinction,0.7642135027032125,0.0,0.0
