rate,cv,cv_lwr,cv_upr
speciation,0.34493555222440997,0.0,0.0
extinction,0.5009352793745077,0.0,0.0
