rate,cv,cv_lwr,cv_upr
speciation,0.18452304139266765,0.0,0.0
extinction,0.2763066055521782,0.0,0.0
