rate,cv,cv_lwr,cv_upr
speciation,0.3127103000416909,0.0,0.0
extinction,0.47974224236965224,0.0,0.0
