rate,cv,cv_lwr,cv_upr
speciation,0.37222282867925616,0.0,0.0
extinction,0.4988961442167409,0.0,0.0
