rate,cv,cv_lwr,cv_upr
speciation,0.09123066901602095,0.0,0.0
extinction,0.0924967400075677,0.0,0.0
