rate,cv,cv_lwr,cv_upr
speciation,0.5896068950630233,0.0,0.0
extinction,0.8758265731871971,0.0,0.0
