rate,cv,cv_lwr,cv_upr
speciation,0.15318274312910757,0.0,0.0
extinction,0.131635045862099,0.0,0.0
