rate,cv,cv_lwr,cv_upr
speciation,0.18173403864179707,0.0,0.0
extinction,0.27344478958657986,0.0,0.0
