rate,cv,cv_lwr,cv_upr
speciation,0.5179279191771894,0.0,0.0
extinction,0.6551709258050391,0.0,0.0
