rate,cv,cv_lwr,cv_upr
speciation,0.3842366340894307,0.0,0.0
extinction,0.5439545867179398,0.0,0.0
