rate,cv,cv_lwr,cv_upr
speciation,0.14297827015633227,0.0,0.0
extinction,0.11992055280386599,0.0,0.0
