rate,cv,cv_lwr,cv_upr
speciation,0.2583993494941433,0.0,0.0
extinction,0.2639765118409481,0.0,0.0
