rate,cv,cv_lwr,cv_upr
speciation,0.3574731657585981,0.0,0.0
extinction,0.43569679032431974,0.0,0.0
