rate,cv,cv_lwr,cv_upr
speciation,0.46803879760667383,0.0,0.0
extinction,0.7344271489330578,0.0,0.0
