rate,cv,cv_lwr,cv_upr
speciation,0.43701757016307097,0.0,0.0
extinction,0.5293281207521969,0.0,0.0
