rate,cv,cv_lwr,cv_upr
speciation,0.14118812845226544,0.0,0.0
extinction,0.2237563267343412,0.0,0.0
