rate,cv,cv_lwr,cv_upr
speciation,0.48474551822863404,0.0,0.0
extinction,0.850129720281182,0.0,0.0
