rate,cv,cv_lwr,cv_upr
speciation,0.2962513851934411,0.0,0.0
extinction,0.6357150745756193,0.0,0.0
