rate,cv,cv_lwr,cv_upr
speciation,0.5405234660674579,0.0,0.0
extinction,0.5836806029928845,0.0,0.0
