rate,cv,cv_lwr,cv_upr
speciation,0.3290831675520402,0.0,0.0
extinction,0.4616733205862204,0.0,0.0
