rate,cv,cv_lwr,cv_upr
speciation,0.5142790439858197,0.0,0.0
extinction,0.5880050413067415,0.0,0.0
