rate,cv,cv_lwr,cv_upr
speciation,0.31284069671573445,0.0,0.0
extinction,0.4673993875124134,0.0,0.0
