rate,cv,cv_lwr,cv_upr
speciation,0.023853110873494288,0.0,0.0
extinction,0.020742671020141025,0.0,0.0
