rate,cv,cv_lwr,cv_upr
speciation,0.39507036547052793,0.0,0.0
extinction,0.5026427770122158,0.0,0.0
