rate,cv,cv_lwr,cv_upr
speciation,0.08447094589851645,0.0,0.0
extinction,0.15425575122608315,0.0,0.0
