rate,cv,cv_lwr,cv_upr
speciation,0.4953516896491048,0.0,0.0
extinction,0.7278784181595288,0.0,0.0
