rate,cv,cv_lwr,cv_upr
speciation,0.34255079316794806,0.0,0.0
extinction,0.35069575899453503,0.0,0.0
