rate,cv,cv_lwr,cv_upr
speciation,0.013666445853831177,0.0,0.0
extinction,0.030526608647073277,0.0,0.0
