rate,cv,cv_lwr,cv_upr
speciation,0.49085221157469033,0.0,0.0
extinction,0.599288159464107,0.0,0.0
