rate,cv,cv_lwr,cv_upr
speciation,0.38216565848655487,0.0,0.0
extinction,0.5907795209223066,0.0,0.0
