rate,cv,cv_lwr,cv_upr
speciation,0.300585295568741,0.0,0.0
extinction,0.26926889560227507,0.0,0.0
