rate,cv,cv_lwr,cv_upr
speciation,0.528248931136929,0.0,0.0
extinction,0.6690211456438897,0.0,0.0
