rate,cv,cv_lwr,cv_upr
speciation,0.2388986274469922,0.0,0.0
extinction,0.19132839577637592,0.0,0.0
