rate,cv,cv_lwr,cv_upr
speciation,0.25422829236839467,0.0,0.0
extinction,0.41035310531125924,0.0,0.0
