rate,cv,cv_lwr,cv_upr
speciation,0.37027822819707606,0.0,0.0
extinction,0.4258056225049725,0.0,0.0
