rate,cv,cv_lwr,cv_upr
speciation,0.1394991526285421,0.0,0.0
extinction,0.10218942045165709,0.0,0.0
