rate,cv,cv_lwr,cv_upr
speciation,0.3232763337386707,0.0,0.0
extinction,0.47931617456311965,0.0,0.0
