rate,cv,cv_lwr,cv_upr
speciation,0.5307680143757015,0.0,0.0
extinction,0.6784156391866613,0.0,0.0
