rate,cv,cv_lwr,cv_upr
speciation,0.35286455674277456,0.0,0.0
extinction,0.3514448583164151,0.0,0.0
