rate,cv,cv_lwr,cv_upr
speciation,0.30578304822726926,0.0,0.0
extinction,0.38160535768674286,0.0,0.0
