rate,cv,cv_lwr,cv_upr
speciation,0.4975648671187769,0.0,0.0
extinction,0.594679290041033,0.0,0.0
