rate,cv,cv_lwr,cv_upr
speciation,0.06984117329923609,0.0,0.0
extinction,0.06396857616824482,0.0,0.0
