rate,cv,cv_lwr,cv_upr
speciation,0.38614125725640364,0.0,0.0
extinction,0.49657160863410954,0.0,0.0
