rate,cv,cv_lwr,cv_upr
speciation,0.040565398684828176,0.0,0.0
extinction,0.03151430359988583,0.0,0.0
