rate,cv,cv_lwr,cv_upr
speciation,0.5268946233413877,0.0,0.0
extinction,0.7106450575146542,0.0,0.0
