rate,cv,cv_lwr,cv_upr
speciation,0.3006586085841366,0.0,0.0
extinction,0.49517897722869897,0.0,0.0
