rate,cv,cv_lwr,cv_upr
speciation,0.09421527558479507,0.0,0.0
extinction,0.14574852618913203,0.0,0.0
