rate,cv,cv_lwr,cv_upr
speciation,0.4475794222368619,0.0,0.0
extinction,0.613248208270197,0.0,0.0
