rate,cv,cv_lwr,cv_upr
speciation,0.4354480511927517,0.0,0.0
extinction,0.48998970096957734,0.0,0.0
