rate,cv,cv_lwr,cv_upr
speciation,0.2134931885510814,0.0,0.0
extinction,0.3911814840464602,0.0,0.0
