rate,cv,cv_lwr,cv_upr
speciation,0.38328381270158624,0.0,0.0
extinction,0.5333655458058504,0.0,0.0
