rate,cv,cv_lwr,cv_upr
speciation,0.038832076211072215,0.0,0.0
extinction,0.04813251584661107,0.0,0.0
