rate,cv,cv_lwr,cv_upr
speciation,0.4046310211571224,0.0,0.0
extinction,0.5778897535080822,0.0,0.0
