rate,cv,cv_lwr,cv_upr
speciation,0.15349131413925554,0.0,0.0
extinction,0.22838762881469302,0.0,0.0
