rate,cv,cv_lwr,cv_upr
speciation,0.13060063564341515,0.0,0.0
extinction,0.08876562818200331,0.0,0.0
