rate,cv,cv_lwr,cv_upr
speciation,0.28875956212048576,0.0,0.0
extinction,0.3538234928817803,0.0,0.0
