rate,cv,cv_lwr,cv_upr
speciation,0.516539306854896,0.0,0.0
extinction,0.6376545794950139,0.0,0.0
