rate,cv,cv_lwr,cv_upr
speciation,0.19698255865474276,0.0,0.0
extinction,0.3624797233659826,0.0,0.0
