rate,cv,cv_lwr,cv_upr
speciation,0.3179745490159597,0.0,0.0
extinction,0.5357767200794127,0.0,0.0
