rate,cv,cv_lwr,cv_upr
speciation,0.42845292535996354,0.0,0.0
extinction,0.6697443364772327,0.0,0.0
