rate,cv,cv_lwr,cv_upr
speciation,0.31021358463467136,0.0,0.0
extinction,0.5154709128905974,0.0,0.0
