rate,cv,cv_lwr,cv_upr
speciation,0.30034231750227086,0.0,0.0
extinction,0.42436068572138635,0.0,0.0
