rate,cv,cv_lwr,cv_upr
speciation,0.5799532914908079,0.0,0.0
extinction,0.6989261113461969,0.0,0.0
