rate,cv,cv_lwr,cv_upr
speciation,0.4587361903979603,0.0,0.0
extinction,0.6746221994228074,0.0,0.0
