rate,cv,cv_lwr,cv_upr
speciation,0.47025093623907077,0.0,0.0
extinction,0.6228323667327852,0.0,0.0
