rate,cv,cv_lwr,cv_upr
speciation,0.13822456874308736,0.0,0.0
extinction,0.05864972824031822,0.0,0.0
