rate,cv,cv_lwr,cv_upr
speciation,0.027204727494207118,0.0,0.0
extinction,0.029993410651098954,0.0,0.0
