rate,cv,cv_lwr,cv_upr
speciation,0.42555665937482945,0.0,0.0
extinction,0.5845204242946486,0.0,0.0
