rate,cv,cv_lwr,cv_upr
speciation,0.4747113277882118,0.0,0.0
extinction,0.6764723515989958,0.0,0.0
