rate,cv,cv_lwr,cv_upr
speciation,0.39773045054845935,0.0,0.0
extinction,0.6844930837599447,0.0,0.0
