rate,cv,cv_lwr,cv_upr
speciation,0.20646081479909587,0.0,0.0
extinction,0.31230029443477986,0.0,0.0
