rate,cv,cv_lwr,cv_upr
speciation,0.3126040766430315,0.0,0.0
extinction,0.4362888829269174,0.0,0.0
