rate,cv,cv_lwr,cv_upr
speciation,0.5378895821246314,0.0,0.0
extinction,0.5871175271148094,0.0,0.0
