rate,cv,cv_lwr,cv_upr
speciation,0.44192059017039603,0.0,0.0
extinction,0.47698056547717343,0.0,0.0
