rate,cv,cv_lwr,cv_upr
speciation,0.3616010614210812,0.0,0.0
extinction,0.5362398088202875,0.0,0.0
