rate,cv,cv_lwr,cv_upr
speciation,0.3221364009533341,0.0,0.0
extinction,0.44162528008632,0.0,0.0
