rate,cv,cv_lwr,cv_upr
speciation,0.08466614145724725,0.0,0.0
extinction,0.12473770457364414,0.0,0.0
