rate,cv,cv_lwr,cv_upr
speciation,0.40368951492783006,0.0,0.0
extinction,0.4504887634236343,0.0,0.0
