rate,cv,cv_lwr,cv_upr
speciation,0.12395865959819166,0.0,0.0
extinction,0.2610933704649082,0.0,0.0
