rate,cv,cv_lwr,cv_upr
speciation,0.3337588120435745,0.0,0.0
extinction,0.30982692759577846,0.0,0.0
