rate,cv,cv_lwr,cv_upr
speciation,0.2933520996792513,0.0,0.0
extinction,0.36678310314714846,0.0,0.0
