rate,cv,cv_lwr,cv_upr
speciation,0.067920993034062,0.0,0.0
extinction,0.06616309011561015,0.0,0.0
