rate,cv,cv_lwr,cv_upr
speciation,0.5731771022126209,0.0,0.0
extinction,0.812116672583773,0.0,0.0
