rate,cv,cv_lwr,cv_upr
speciation,0.3993987316452186,0.0,0.0
extinction,0.5137450516690157,0.0,0.0
