rate,cv,cv_lwr,cv_upr
speciation,0.09693903126665138,0.0,0.0
extinction,0.106509644778472,0.0,0.0
