rate,cv,cv_lwr,cv_upr
speciation,0.19893737264000366,0.0,0.0
extinction,0.25047890483757107,0.0,0.0
