rate,cv,cv_lwr,cv_upr
speciation,0.37536426618174307,0.0,0.0
extinction,0.5689512097997782,0.0,0.0
