rate,cv,cv_lwr,cv_upr
speciation,0.556452154547683,0.0,0.0
extinction,0.6020076001054222,0.0,0.0
