rate,cv,cv_lwr,cv_upr
speciation,0.2888196482382914,0.0,0.0
extinction,0.3694858460287481,0.0,0.0
