rate,cv,cv_lwr,cv_upr
speciation,0.38879417577212416,0.0,0.0
extinction,0.471946167916399,0.0,0.0
