rate,cv,cv_lwr,cv_upr
speciation,0.08054065701889913,0.0,0.0
extinction,0.23305947867892673,0.0,0.0
