rate,cv,cv_lwr,cv_upr
speciation,0.2307235001672772,0.0,0.0
extinction,0.3634849704378715,0.0,0.0
