rate,cv,cv_lwr,cv_upr
speciation,0.5197340805313733,0.0,0.0
extinction,0.6678665357148261,0.0,0.0
