rate,cv,cv_lwr,cv_upr
speciation,0.43307376960359567,0.0,0.0
extinction,0.6158169316035039,0.0,0.0
