rate,cv,cv_lwr,cv_upr
speciation,0.38049496160037255,0.0,0.0
extinction,0.5352642587191824,0.0,0.0
