rate,cv,cv_lwr,cv_upr
speciation,0.043206717310616,0.0,0.0
extinction,0.03161730219133162,0.0,0.0
