rate,cv,cv_lwr,cv_upr
speciation,0.4292699167197577,0.0,0.0
extinction,0.5653001616265386,0.0,0.0
