rate,cv,cv_lwr,cv_upr
speciation,0.23141752066518187,0.0,0.0
extinction,0.3526559949544269,0.0,0.0
