rate,cv,cv_lwr,cv_upr
speciation,0.1812386139152371,0.0,0.0
extinction,0.1568929313361579,0.0,0.0
