rate,cv,cv_lwr,cv_upr
speciation,0.5212980205606476,0.0,0.0
extinction,0.6474194652132838,0.0,0.0
