rate,cv,cv_lwr,cv_upr
speciation,0.07449594349190053,0.0,0.0
extinction,0.08946993069792851,0.0,0.0
