rate,cv,cv_lwr,cv_upr
speciation,0.4732771093532346,0.0,0.0
extinction,0.6397609160094956,0.0,0.0
