rate,cv,cv_lwr,cv_upr
speciation,0.4099031644112822,0.0,0.0
extinction,0.350567110354541,0.0,0.0
