rate,cv,cv_lwr,cv_upr
speciation,0.3335134641796435,0.0,0.0
extinction,0.4974435812713947,0.0,0.0
