rate,cv,cv_lwr,cv_upr
speciation,0.16688727746048837,0.0,0.0
extinction,0.09466076335576395,0.0,0.0
