rate,cv,cv_lwr,cv_upr
speciation,0.24319181048443547,0.0,0.0
extinction,0.2647303750355365,0.0,0.0
