rate,cv,cv_lwr,cv_upr
speciation,0.4262742234312746,0.0,0.0
extinction,0.634529556733016,0.0,0.0
