rate,cv,cv_lwr,cv_upr
speciation,0.3020996809037636,0.0,0.0
extinction,0.31184700789150194,0.0,0.0
