rate,cv,cv_lwr,cv_upr
speciation,0.04222081007192594,0.0,0.0
extinction,0.036846327610711986,0.0,0.0
