rate,cv,cv_lwr,cv_upr
speciation,0.26910121728124486,0.0,0.0
extinction,0.624044472765288,0.0,0.0
