rate,cv,cv_lwr,cv_upr
speciation,0.02113141601030159,0.0,0.0
extinction,0.037077727460977115,0.0,0.0
