rate,cv,cv_lwr,cv_upr
speciation,0.02422415855150203,0.0,0.0
extinction,0.06908844605261999,0.0,0.0
