rate,cv,cv_lwr,cv_upr
speciation,0.5057395222889485,0.0,0.0
extinction,0.6967389849473645,0.0,0.0
