rate,cv,cv_lwr,cv_upr
speciation,0.3590788641334757,0.0,0.0
extinction,0.6062267684937012,0.0,0.0
