rate,cv,cv_lwr,cv_upr
speciation,0.10478647998124142,0.0,0.0
extinction,0.3143936186756829,0.0,0.0
