rate,cv,cv_lwr,cv_upr
speciation,0.4126704174035917,0.0,0.0
extinction,0.6714265256257093,0.0,0.0
