rate,cv,cv_lwr,cv_upr
speciation,0.45734519560278764,0.0,0.0
extinction,0.7159471018282537,0.0,0.0
