rate,cv,cv_lwr,cv_upr
speciation,0.4247713366840116,0.0,0.0
extinction,0.5337869653769279,0.0,0.0
