rate,cv,cv_lwr,cv_upr
speciation,0.10256924792859344,0.0,0.0
extinction,0.07898500068863037,0.0,0.0
