rate,cv,cv_lwr,cv_upr
speciation,0.4781770919390807,0.0,0.0
extinction,0.5450464452291325,0.0,0.0
