rate,cv,cv_lwr,cv_upr
speciation,0.02370096468303327,0.0,0.0
extinction,0.030275661058757064,0.0,0.0
