rate,cv,cv_lwr,cv_upr
speciation,0.2182610651970136,0.0,0.0
extinction,0.30452557633739447,0.0,0.0
