rate,cv,cv_lwr,cv_upr
speciation,0.3553426082239713,0.0,0.0
extinction,0.4356291386651082,0.0,0.0
