rate,cv,cv_lwr,cv_upr
speciation,0.06624939545787221,0.0,0.0
extinction,0.11752121405795789,0.0,0.0
