rate,cv,cv_lwr,cv_upr
speciation,0.4553795414453169,0.0,0.0
extinction,0.4161043655715318,0.0,0.0
