rate,cv,cv_lwr,cv_upr
speciation,0.583691925133662,0.0,0.0
extinction,0.7258146252192335,0.0,0.0
