rate,cv,cv_lwr,cv_upr
speciation,0.26337862273530077,0.0,0.0
extinction,0.48442870632443985,0.0,0.0
