rate,cv,cv_lwr,cv_upr
speciation,0.2207329146563431,0.0,0.0
extinction,0.23755293940067557,0.0,0.0
