rate,cv,cv_lwr,cv_upr
speciation,0.19129803070243748,0.0,0.0
extinction,0.38492004897104837,0.0,0.0
