rate,cv,cv_lwr,cv_upr
speciation,0.3729489672253229,0.0,0.0
extinction,0.4491404373934854,0.0,0.0
