rate,cv,cv_lwr,cv_upr
speciation,0.3898961589461111,0.0,0.0
extinction,0.6773073239255315,0.0,0.0
