rate,cv,cv_lwr,cv_upr
speciation,0.5063065787899117,0.0,0.0
extinction,0.7061346464816102,0.0,0.0
