rate,cv,cv_lwr,cv_upr
speciation,0.45426058892711063,0.0,0.0
extinction,0.6325172410801241,0.0,0.0
