rate,cv,cv_lwr,cv_upr
speciation,0.44738477669741167,0.0,0.0
extinction,0.5629167591918407,0.0,0.0
