rate,cv,cv_lwr,cv_upr
speciation,0.5195545252488233,0.0,0.0
extinction,0.6680204205329733,0.0,0.0
