rate,cv,cv_lwr,cv_upr
speciation,0.03235205020140152,0.0,0.0
extinction,0.09808427991533915,0.0,0.0
