rate,cv,cv_lwr,cv_upr
speciation,0.4113459674140465,0.0,0.0
extinction,0.470157776734592,0.0,0.0
