rate,cv,cv_lwr,cv_upr
speciation,0.36102985120532877,0.0,0.0
extinction,0.2989388222097779,0.0,0.0
