rate,cv,cv_lwr,cv_upr
speciation,0.5230034444489562,0.0,0.0
extinction,0.6241153595920373,0.0,0.0
