rate,cv,cv_lwr,cv_upr
speciation,0.5551760482071695,0.0,0.0
extinction,0.48433364960991276,0.0,0.0
