rate,cv,cv_lwr,cv_upr
speciation,0.4143476635597565,0.0,0.0
extinction,0.5896306108828835,0.0,0.0
