rate,cv,cv_lwr,cv_upr
speciation,0.45225935521638627,0.0,0.0
extinction,0.5177546209674826,0.0,0.0
