rate,cv,cv_lwr,cv_upr
speciation,0.47516532254875893,0.0,0.0
extinction,0.6059357100928315,0.0,0.0
