rate,cv,cv_lwr,cv_upr
speciation,0.3084949219541082,0.0,0.0
extinction,0.7055121042629824,0.0,0.0
