rate,cv,cv_lwr,cv_upr
speciation,0.3577498687698196,0.0,0.0
extinction,0.43399552351123477,0.0,0.0
