rate,cv,cv_lwr,cv_upr
speciation,0.0643193348061543,0.0,0.0
extinction,0.26709953554407706,0.0,0.0
