rate,cv,cv_lwr,cv_upr
speciation,0.043082329394557424,0.0,0.0
extinction,0.029023807681231997,0.0,0.0
