rate,cv,cv_lwr,cv_upr
speciation,0.43942020956957184,0.0,0.0
extinction,0.517073967474823,0.0,0.0
