rate,cv,cv_lwr,cv_upr
speciation,0.04895154318631607,0.0,0.0
extinction,0.12798976655538646,0.0,0.0
