rate,cv,cv_lwr,cv_upr
speciation,0.36837452555911254,0.0,0.0
extinction,0.6622106552603316,0.0,0.0
