rate,cv,cv_lwr,cv_upr
speciation,0.49633228578740984,0.0,0.0
extinction,0.5517399279826414,0.0,0.0
