rate,cv,cv_lwr,cv_upr
speciation,0.17022101288152278,0.0,0.0
extinction,0.18090115778203264,0.0,0.0
