rate,cv,cv_lwr,cv_upr
speciation,0.37274161533677874,0.0,0.0
extinction,0.46686136591460353,0.0,0.0
