rate,cv,cv_lwr,cv_upr
speciation,0.3583678230242492,0.0,0.0
extinction,0.5063636289721423,0.0,0.0
