rate,cv,cv_lwr,cv_upr
speciation,0.48501605355690347,0.0,0.0
extinction,0.7711727274699999,0.0,0.0
