rate,cv,cv_lwr,cv_upr
speciation,0.287239155208959,0.0,0.0
extinction,0.3444527715926174,0.0,0.0
