rate,cv,cv_lwr,cv_upr
speciation,0.5230700295152031,0.0,0.0
extinction,0.7308458082768818,0.0,0.0
