rate,cv,cv_lwr,cv_upr
speciation,0.45378265206681734,0.0,0.0
extinction,0.5933054646808419,0.0,0.0
