rate,cv,cv_lwr,cv_upr
speciation,0.4796641935235922,0.0,0.0
extinction,0.6075896290603094,0.0,0.0
