rate,cv,cv_lwr,cv_upr
speciation,0.2578250709226284,0.0,0.0
extinction,0.18548952919997574,0.0,0.0
