rate,cv,cv_lwr,cv_upr
speciation,0.3071147560897202,0.0,0.0
extinction,0.43885721876466904,0.0,0.0
