rate,cv,cv_lwr,cv_upr
speciation,0.45667106714440087,0.0,0.0
extinction,0.5223500163298764,0.0,0.0
