rate,cv,cv_lwr,cv_upr
speciation,0.18384652297372536,0.0,0.0
extinction,0.22982686323236226,0.0,0.0
