rate,cv,cv_lwr,cv_upr
speciation,0.04838834660671405,0.0,0.0
extinction,0.07661736171416746,0.0,0.0
