rate,cv,cv_lwr,cv_upr
speciation,0.2542858500266756,0.0,0.0
extinction,0.3848945471494814,0.0,0.0
