rate,cv,cv_lwr,cv_upr
speciation,0.07921175295273823,0.0,0.0
extinction,0.13143952121759464,0.0,0.0
