rate,cv,cv_lwr,cv_upr
speciation,0.03995903860704142,0.0,0.0
extinction,0.03540254814709218,0.0,0.0
