rate,cv,cv_lwr,cv_upr
speciation,0.5948140713135128,0.0,0.0
extinction,0.6564509154345497,0.0,0.0
