rate,cv,cv_lwr,cv_upr
speciation,0.4611238729018343,0.0,0.0
extinction,0.7361355638482373,0.0,0.0
