rate,cv,cv_lwr,cv_upr
speciation,0.4638049715223981,0.0,0.0
extinction,0.6435203124454214,0.0,0.0
