rate,cv,cv_lwr,cv_upr
speciation,0.290433445369049,0.0,0.0
extinction,0.3867360876077144,0.0,0.0
