rate,cv,cv_lwr,cv_upr
speciation,0.13397005963279285,0.0,0.0
extinction,0.1363608569204144,0.0,0.0
