rate,cv,cv_lwr,cv_upr
speciation,0.3667649459581886,0.0,0.0
extinction,0.2502907319763954,0.0,0.0
