rate,cv,cv_lwr,cv_upr
speciation,0.05979104800281341,0.0,0.0
extinction,0.08106100281264089,0.0,0.0
