rate,cv,cv_lwr,cv_upr
speciation,0.3053793649800249,0.0,0.0
extinction,0.47567782911252815,0.0,0.0
