rate,cv,cv_lwr,cv_upr
speciation,0.4891098028193149,0.0,0.0
extinction,0.656159250370278,0.0,0.0
