rate,cv,cv_lwr,cv_upr
speciation,0.3027253849376812,0.0,0.0
extinction,0.32372650227796185,0.0,0.0
