rate,cv,cv_lwr,cv_upr
speciation,0.07034202522805877,0.0,0.0
extinction,0.031132974150041872,0.0,0.0
