rate,cv,cv_lwr,cv_upr
speciation,0.3875394384211238,0.0,0.0
extinction,0.5412332340076564,0.0,0.0
