rate,cv,cv_lwr,cv_upr
speciation,0.043980467677194074,0.0,0.0
extinction,0.0148251710474548,0.0,0.0
