rate,cv,cv_lwr,cv_upr
speciation,0.332945526952169,0.0,0.0
extinction,0.592140577018134,0.0,0.0
