rate,cv,cv_lwr,cv_upr
speciation,0.20919834587336583,0.0,0.0
extinction,0.29085677773317886,0.0,0.0
