rate,cv,cv_lwr,cv_upr
speciation,0.405723137565918,0.0,0.0
extinction,0.3793324022455798,0.0,0.0
