rate,cv,cv_lwr,cv_upr
speciation,0.21420243648231704,0.0,0.0
extinction,0.2942884649186256,0.0,0.0
