rate,cv,cv_lwr,cv_upr
speciation,0.35284699783633783,0.0,0.0
extinction,0.39107791172551043,0.0,0.0
