rate,cv,cv_lwr,cv_upr
speciation,0.38931109480639137,0.0,0.0
extinction,0.40553373466330217,0.0,0.0
