rate,cv,cv_lwr,cv_upr
speciation,0.015431135532657804,0.0,0.0
extinction,0.021464256806420685,0.0,0.0
