rate,cv,cv_lwr,cv_upr
speciation,0.3343342407786352,0.0,0.0
extinction,0.6785526547718514,0.0,0.0
