rate,cv,cv_lwr,cv_upr
speciation,0.18939690826421,0.0,0.0
extinction,0.18256103432218598,0.0,0.0
