rate,cv,cv_lwr,cv_upr
speciation,0.17879389009312843,0.0,0.0
extinction,0.16798350932004025,0.0,0.0
