rate,cv,cv_lwr,cv_upr
speciation,0.5111287099214793,0.0,0.0
extinction,0.6121315514725819,0.0,0.0
