rate,cv,cv_lwr,cv_upr
speciation,0.4894995701923444,0.0,0.0
extinction,0.5670532448981802,0.0,0.0
