rate,cv,cv_lwr,cv_upr
speciation,0.4354064279286343,0.0,0.0
extinction,0.5419667448080543,0.0,0.0
