rate,cv,cv_lwr,cv_upr
speciation,0.22095185750813112,0.0,0.0
extinction,0.5284037281287817,0.0,0.0
