rate,cv,cv_lwr,cv_upr
speciation,0.37723829807440573,0.0,0.0
extinction,0.4170988721735235,0.0,0.0
