rate,cv,cv_lwr,cv_upr
speciation,0.2091657288378797,0.0,0.0
extinction,0.27982527975840127,0.0,0.0
