rate,cv,cv_lwr,cv_upr
speciation,0.06134598122005233,0.0,0.0
extinction,0.1983248312680615,0.0,0.0
