rate,cv,cv_lwr,cv_upr
speciation,0.0555167432214381,0.0,0.0
extinction,0.05969676403511896,0.0,0.0
