rate,cv,cv_lwr,cv_upr
speciation,0.31953177586839,0.0,0.0
extinction,0.41042726235297,0.0,0.0
