rate,cv,cv_lwr,cv_upr
speciation,0.5039899858980663,0.0,0.0
extinction,0.6304361157594355,0.0,0.0
