rate,cv,cv_lwr,cv_upr
speciation,0.15968433693757067,0.0,0.0
extinction,0.11684269107973269,0.0,0.0
