rate,cv,cv_lwr,cv_upr
speciation,0.5243285012967189,0.0,0.0
extinction,0.7276488190000802,0.0,0.0
