rate,cv,cv_lwr,cv_upr
speciation,0.35422108255697354,0.0,0.0
extinction,0.667044480270265,0.0,0.0
