rate,cv,cv_lwr,cv_upr
speciation,0.2186482100339782,0.0,0.0
extinction,0.4483110855011513,0.0,0.0
