rate,cv,cv_lwr,cv_upr
speciation,0.4588837887802707,0.0,0.0
extinction,0.6305111490915609,0.0,0.0
