rate,cv,cv_lwr,cv_upr
speciation,0.1728931546294861,0.0,0.0
extinction,0.17303242467725713,0.0,0.0
