rate,cv,cv_lwr,cv_upr
speciation,0.12728668680785357,0.0,0.0
extinction,0.27580302182690797,0.0,0.0
