rate,cv,cv_lwr,cv_upr
speciation,0.23100421362799523,0.0,0.0
extinction,0.16049787746884453,0.0,0.0
