rate,cv,cv_lwr,cv_upr
speciation,0.2297075389386552,0.0,0.0
extinction,0.4814400260955299,0.0,0.0
