rate,cv,cv_lwr,cv_upr
speciation,0.09383834912447754,0.0,0.0
extinction,0.1100093230656942,0.0,0.0
