rate,cv,cv_lwr,cv_upr
speciation,0.022669977102777062,0.0,0.0
extinction,0.03275770462506662,0.0,0.0
