rate,cv,cv_lwr,cv_upr
speciation,0.4270981892916074,0.0,0.0
extinction,0.5754883679702198,0.0,0.0
