rate,cv,cv_lwr,cv_upr
speciation,0.059025521348483184,0.0,0.0
extinction,0.06271602155389493,0.0,0.0
