rate,cv,cv_lwr,cv_upr
speciation,0.2679840142246102,0.0,0.0
extinction,0.5911251188020265,0.0,0.0
