rate,cv,cv_lwr,cv_upr
speciation,0.26883531239998126,0.0,0.0
extinction,0.3453998696614824,0.0,0.0
