rate,cv,cv_lwr,cv_upr
speciation,0.05809991641214719,0.0,0.0
extinction,0.04767685923545028,0.0,0.0
