rate,cv,cv_lwr,cv_upr
speciation,0.3491925588800546,0.0,0.0
extinction,0.5201943968234072,0.0,0.0
