rate,cv,cv_lwr,cv_upr
speciation,0.4179225023325515,0.0,0.0
extinction,0.5258294013246605,0.0,0.0
