rate,cv,cv_lwr,cv_upr
speciation,0.45357752668233303,0.0,0.0
extinction,0.5230965314911487,0.0,0.0
