rate,cv,cv_lwr,cv_upr
speciation,0.4082042705477859,0.0,0.0
extinction,0.7136328716085802,0.0,0.0
