rate,cv,cv_lwr,cv_upr
speciation,0.35404683101635087,0.0,0.0
extinction,0.46700630310267544,0.0,0.0
