rate,cv,cv_lwr,cv_upr
speciation,0.1093573325686307,0.0,0.0
extinction,0.10244072687017475,0.0,0.0
