rate,cv,cv_lwr,cv_upr
speciation,0.0628545232739653,0.0,0.0
extinction,0.09446215110253983,0.0,0.0
