rate,cv,cv_lwr,cv_upr
speciation,0.32523413039747634,0.0,0.0
extinction,0.4495815207756427,0.0,0.0
