rate,cv,cv_lwr,cv_upr
speciation,0.295459147866366,0.0,0.0
extinction,0.337563745093169,0.0,0.0
