rate,cv,cv_lwr,cv_upr
speciation,0.37734819047696727,0.0,0.0
extinction,0.5955643137194141,0.0,0.0
