rate,cv,cv_lwr,cv_upr
speciation,0.05606109950563082,0.0,0.0
extinction,0.02791570425401038,0.0,0.0
