rate,cv,cv_lwr,cv_upr
speciation,0.3670900355898158,0.0,0.0
extinction,0.31131323346940903,0.0,0.0
