rate,cv,cv_lwr,cv_upr
speciation,0.4884193328923114,0.0,0.0
extinction,0.6861560240278812,0.0,0.0
