rate,cv,cv_lwr,cv_upr
speciation,0.38029207641332924,0.0,0.0
extinction,0.5303919945942231,0.0,0.0
