rate,cv,cv_lwr,cv_upr
speciation,0.31251446105380576,0.0,0.0
extinction,0.4735153249525497,0.0,0.0
