rate,cv,cv_lwr,cv_upr
speciation,0.28992124092186156,0.0,0.0
extinction,0.37856319180915704,0.0,0.0
