rate,cv,cv_lwr,cv_upr
speciation,0.4330173413781169,0.0,0.0
extinction,0.6089567897765806,0.0,0.0
