rate,cv,cv_lwr,cv_upr
speciation,0.5235361364643993,0.0,0.0
extinction,0.7312982959456354,0.0,0.0
