rate,cv,cv_lwr,cv_upr
speciation,0.23679710571193294,0.0,0.0
extinction,0.5931816330041395,0.0,0.0
