rate,cv,cv_lwr,cv_upr
speciation,0.48038445755766807,0.0,0.0
extinction,0.6672687250183403,0.0,0.0
