rate,cv,cv_lwr,cv_upr
speciation,0.5226994454359201,0.0,0.0
extinction,0.7165539127457996,0.0,0.0
