rate,cv,cv_lwr,cv_upr
speciation,0.1899434894615462,0.0,0.0
extinction,0.3707904832043512,0.0,0.0
