rate,cv,cv_lwr,cv_upr
speciation,0.37653947995382964,0.0,0.0
extinction,0.5094859058549193,0.0,0.0
