rate,cv,cv_lwr,cv_upr
speciation,0.18270415983667712,0.0,0.0
extinction,0.20535814823124462,0.0,0.0
