rate,cv,cv_lwr,cv_upr
speciation,0.26448480881381287,0.0,0.0
extinction,0.47447088803884757,0.0,0.0
