rate,cv,cv_lwr,cv_upr
speciation,0.3979982024584503,0.0,0.0
extinction,0.640023152824931,0.0,0.0
