rate,cv,cv_lwr,cv_upr
speciation,0.038650154106671566,0.0,0.0
extinction,0.03290675836879501,0.0,0.0
