rate,cv,cv_lwr,cv_upr
speciation,0.19863123812517738,0.0,0.0
extinction,0.21398782864447055,0.0,0.0
