rate,cv,cv_lwr,cv_upr
speciation,0.04648357394985847,0.0,0.0
extinction,0.08325065060311508,0.0,0.0
