rate,cv,cv_lwr,cv_upr
speciation,0.4178489781991831,0.0,0.0
extinction,0.6214834532594429,0.0,0.0
