rate,cv,cv_lwr,cv_upr
speciation,0.2566989251190742,0.0,0.0
extinction,0.2724335685939897,0.0,0.0
