rate,cv,cv_lwr,cv_upr
speciation,0.01721581324529208,0.0,0.0
extinction,0.021217420064363238,0.0,0.0
