rate,cv,cv_lwr,cv_upr
speciation,0.08692837314169964,0.0,0.0
extinction,0.10271590219556875,0.0,0.0
