rate,cv,cv_lwr,cv_upr
speciation,0.09362619603351598,0.0,0.0
extinction,0.07970150233503051,0.0,0.0
