rate,cv,cv_lwr,cv_upr
speciation,0.42405923464507717,0.0,0.0
extinction,0.5386338987498137,0.0,0.0
