rate,cv,cv_lwr,cv_upr
speciation,0.3479679979957316,0.0,0.0
extinction,0.6296832889616494,0.0,0.0
